year,week,week2,visitnumber_sum,time_thresh,time_thresh_num,n_photo_num,n_photo_num_lci,n_photo_num_uci,n_visit_num,n_visit_num_lci,n_visit_num_uci,n_min15,n_min15_lci,n_min15_uci,n_min30,n_min30_lci,n_min30_uci,n_min60,n_min60_lci,n_min60_uci,n_day1,n_day1_lci,n_day1_uci
2020,1,1,2,None,1,,,,.57593656,.028449679,1.1234235,,,,,,,,,,,,
2021,1,1,1,None,1,,,,.61405587,.02229996,1.2058119,,,,,,,,,,,,
2022,1,1,0,None,1,,,,.75708127,-.029060449,1.543223,,,,,,,,,,,,
2020,2,4,4,None,1,,,,.69568998,.072237626,1.3191422,,,,,,,,,,,,
2022,2,4,0,None,1,,,,.91449976,.014821191,1.8141783,,,,,,,,,,,,
2021,2,4,0,None,1,,,,.7417354,.065554596,1.4179162,,,,,,,,,,,,
2021,3,9,0,None,1,,,,.88941675,.12187491,1.6569586,,,,,,,,,,,,
2022,3,9,0,None,1,,,,1.096579,.074248873,2.1189089,,,,,,,,,,,,
2020,3,9,0,None,1,,,,.83420354,.12925705,1.53915,,,,,,,,,,,,
2021,4,16,5,None,1,,,,1.0587095,.19286744,1.9245515,,,,,,,,,,,,
2020,4,16,0,None,1,,,,.99298692,.20120418,1.7847697,,,,,,,,,,,,
2022,4,16,1,None,1,,,,1.3053032,.151502,2.4591043,,,,,,,,,,,,
2022,5,25,0,None,1,,,,1.5424039,.24867234,2.8361354,,,,,,,,,,,,
2020,5,25,6,None,1,,,,1.1733572,.28954425,2.0571702,,,,,,,,,,,,
2021,5,25,5,None,1,,,,1.2510179,.27989185,2.2221439,,,,,,,,,,,,
2020,6,36,0,None,1,,,,1.3763604,.39538014,2.3573408,,,,,,,,,,,,
2021,6,36,0,None,1,,,,1.4674572,.38393801,2.5509765,,,,,,,,,,,,
2022,6,36,2,None,1,,,,1.8092561,.36752048,3.2509918,,,,,,,,,,,,
2022,7,49,0,None,1,,,,2.1067703,.5093258,3.7042148,,,,,,,,,,,,
2021,7,49,0,None,1,,,,1.708766,.50550586,2.9120259,,,,,,,,,,,,
2020,7,49,0,None,1,,,,1.6026891,.51931846,2.68606,,,,,,,,,,,,
2021,8,64,0,None,1,,,,1.9752175,.64450109,3.305934,,,,,,,,,,,,
2022,8,64,0,None,1,,,,2.4352834,.67474115,4.1958261,,,,,,,,,,,,
2020,8,64,0,None,1,,,,1.8526,.6613465,3.0438535,,,,,,,,,,,,
2021,9,81,0,None,1,,,,2.2665353,.80015951,3.7329109,,,,,,,,,,,,
2020,9,81,0,None,1,,,,2.1258333,.8207348,3.4309318,,,,,,,,,,,,
2022,9,81,0,None,1,,,,2.7944548,.86366636,4.7252431,,,,,,,,,,,,
2022,10,100,3,None,1,,,,3.1831701,1.0751543,5.2911859,,,,,,,,,,,,
2021,10,100,1,None,1,,,,2.5818157,.97101396,4.1926174,,,,,,,,,,,,
2020,10,100,1,None,1,,,,2.4215417,.99598205,3.8471014,,,,,,,,,,,,
2021,11,121,0,None,1,,,,2.9194646,1.1549108,4.6840181,,,,,,,,,,,,
2020,11,121,0,None,1,,,,2.73823,1.1848149,4.2916451,,,,,,,,,,,,
2022,11,121,1,None,1,,,,3.5994637,1.3073639,5.8915634,,,,,,,,,,,,
2021,12,144,0,None,1,,,,3.2771504,1.3490801,5.2052207,,,,,,,,,,,,
2022,12,144,0,None,1,,,,4.0404615,1.5575678,6.5233555,,,,,,,,,,,,
2020,12,144,0,None,1,,,,3.0737116,1.3842512,4.7631721,,,,,,,,,,,,
2022,13,169,0,None,1,,,,4.5023513,1.8222226,7.1824799,,,,,,,,,,,,
2020,13,169,0,None,1,,,,3.4250863,1.5907235,5.259449,,,,,,,,,,,,
2021,13,169,0,None,1,,,,3.6517813,1.5502534,5.7533092,,,,,,,,,,,,
2021,14,196,0,None,1,,,,4.0395069,1.754817,6.3241968,,,,,,,,,,,,
2020,14,196,0,None,1,,,,3.7887425,1.8002517,5.7772336,,,,,,,,,,,,
2022,14,196,0,None,1,,,,4.9803853,2.0970933,7.8636775,,,,,,,,,,,,
2020,15,225,0,None,1,,,,4.1603885,2.0086448,6.3121324,,,,,,,,,,,,
2022,15,225,0,None,1,,,,5.4689226,2.3774276,8.5604172,,,,,,,,,,,,
2021,15,225,1,None,1,,,,4.435751,1.9589846,6.9125175,,,,,,,,,,,,
2021,16,256,0,None,1,,,,4.8352752,2.1589694,7.5115805,,,,,,,,,,,,
2022,16,256,3,None,1,,,,5.961503,2.6581564,9.2648497,,,,,,,,,,,,
2020,16,256,0,None,1,,,,4.535111,2.2117062,6.8585157,,,,,,,,,,,,
2020,17,289,1,None,1,,,,4.907464,2.4054229,7.4095054,,,,,,,,,,,,
2021,17,289,3,None,1,,,,5.2322731,2.3511407,8.1134052,,,,,,,,,,,,
2022,17,289,5,None,1,,,,6.4509697,2.9341083,9.9678307,,,,,,,,,,,,
2022,18,324,2,None,1,,,,6.9296203,3.2002132,10.659027,,,,,,,,,,,,
2021,18,324,2,None,1,,,,5.6204987,2.5321531,8.7088442,,,,,,,,,,,,
2020,18,324,2,None,1,,,,5.2715893,2.5861197,7.9570589,,,,,,,,,,,,
2022,19,361,6,None,1,,,,7.3893981,3.4516814,11.327115,,,,,,,,,,,,
2020,19,361,5,None,1,,,,5.6213574,2.7505713,8.4921436,,,,,,,,,,,,
2021,19,361,2,None,1,,,,5.9934168,2.6990433,9.2877903,,,,,,,,,,,,
2022,20,400,0,None,1,,,,7.8221097,3.6841476,11.960073,,,,,,,,,,,,
2021,20,400,12,None,1,,,,6.3443818,2.8492916,9.8394718,,,,,,,,,,,,
2020,20,400,12,None,1,,,,5.9505353,2.8960757,9.0049953,,,,,,,,,,,,
2022,21,441,9,None,1,,,,8.2196627,3.8937767,12.545547,,,,,,,,,,,,
2021,21,441,27,None,1,,,,6.6668301,2.9808526,10.352807,,,,,,,,,,,,
2020,21,441,8,None,1,,,,6.2529664,3.0204852,9.4854479,,,,,,,,,,,,
2021,22,484,20,None,1,,,,6.9544797,3.092159,10.8168,,,,,,,,,,,,
2022,22,484,21,None,1,,,,8.5743113,4.0773258,13.071297,,,,,,,,,,,,
2020,22,484,32,None,1,,,,6.5227594,3.1222105,9.9233084,,,,,,,,,,,,
2020,23,529,41,None,1,,,,6.7544789,3.2001994,10.308758,,,,,,,,,,,,
2021,23,529,54,None,1,,,,7.2015357,3.182102,11.220969,,,,,,,,,,,,
2022,23,529,45,None,1,,,,8.878911,4.2321768,13.525645,,,,,,,,,,,,
2022,24,576,39,None,1,,,,9.1271544,4.3563342,13.897974,,,,,,,,,,,,
2021,24,576,10,None,1,,,,7.4028816,3.2499983,11.555764,,,,,,,,,,,,
2020,24,576,49,None,1,,,,6.9433255,3.2538989,10.632752,,,,,,,,,,,,
2022,25,625,41,None,1,,,,9.3137865,4.4484057,14.179168,,,,,,,,,,,,
2020,25,625,29,None,1,,,,7.0853028,3.2832074,10.887399,,,,,,,,,,,,
2021,25,625,10,None,1,,,,7.554256,3.2955453,11.812966,,,,,,,,,,,,
2021,26,676,10,None,1,,,,7.6524019,3.3187716,11.986032,,,,,,,,,,,,
2020,26,676,6,None,1,,,,7.1773562,3.2884221,11.066291,,,,,,,,,,,,
2022,26,676,23,None,1,,,,9.4347935,4.5075669,14.36202,,,,,,,,,,,,
2020,27,729,4,None,1,,,,7.217484,3.2701838,11.164784,,,,,,,,,,,,
2022,27,729,52,None,1,,,,9.4875412,4.5335174,14.441566,,,,,,,,,,,,
2021,27,729,1,None,1,,,,7.6951857,3.3199883,12.070383,,,,,,,,,,,,
2020,28,784,4,None,1,,,,7.2048068,3.2294235,11.18019,,,,,,,,,,,,
2022,28,784,18,None,1,,,,9.4708776,4.5264368,14.415318,,,,,,,,,,,,
2021,28,784,0,None,1,,,,7.6816692,3.2997415,12.063598,,,,,,,,,,,,
2021,29,841,3,None,1,,,,7.6121502,3.2587748,11.965526,,,,,,,,,,,,
2020,29,841,20,None,1,,,,7.1396031,3.1673174,11.111889,,,,,,,,,,,,
2022,29,841,14,None,1,,,,9.3851652,4.4869437,14.283387,,,,,,,,,,,,
2021,30,900,13,None,1,,,,7.4881454,3.1979969,11.778295,,,,,,,,,,,,
2022,30,900,15,None,1,,,,9.2322779,4.4160562,14.0485,,,,,,,,,,,,
2020,30,900,1,None,1,,,,7.0232964,3.0852437,10.961349,,,,,,,,,,,,
2022,31,961,1,None,1,,,,9.0155249,4.3151636,13.715886,,,,,,,,,,,,
2021,31,961,2,None,1,,,,7.3123407,3.1184623,11.506219,,,,,,,,,,,,
2020,31,961,0,None,1,,,,6.8584051,2.9847519,10.732059,,,,,,,,,,,,
2020,32,1024,0,None,1,,,,6.6484513,2.8675368,10.429366,,,,,,,,,,,,
2021,32,1024,1,None,1,,,,7.0884905,3.0213597,11.155622,,,,,,,,,,,,
2022,32,1024,2,None,1,,,,8.7395363,4.1860046,13.293067,,,,,,,,,,,,
2022,33,1089,4,None,1,,,,8.4100952,4.0306487,12.789542,,,,,,,,,,,,
2020,33,1089,1,None,1,,,,6.3978353,2.7354209,10.06025,,,,,,,,,,,,
2021,33,1089,2,None,1,,,,6.8212872,2.9080083,10.734566,,,,,,,,,,,,
2020,34,1156,2,None,1,,,,6.1116834,2.5903413,9.6330252,,,,,,,,,,,,
2021,34,1156,0,None,1,,,,6.5161953,2.7798624,10.252528,,,,,,,,,,,,
2022,34,1156,1,None,1,,,,8.0339422,3.8514838,12.2164,,,,,,,,,,,,
2022,35,1225,0,None,1,,,,7.6185389,3.6512053,11.585872,,,,,,,,,,,,
2021,35,1225,1,None,1,,,,6.1792688,2.6385174,9.7200203,,,,,,,,,,,,
2020,35,1225,0,None,1,,,,5.7956719,2.4343407,9.1570034,,,,,,,,,,,,
2022,36,1296,1,None,1,,,,7.1718278,3.4328017,10.910854,,,,,,,,,,,,
2021,36,1296,1,None,1,,,,5.8169489,2.485718,9.14818,,,,,,,,,,,,
2020,36,1296,0,None,1,,,,5.4558449,2.2695568,8.6421328,,,,,,,,,,,,
2020,37,1369,0,None,1,,,,5.0984173,2.0982108,8.0986242,,,,,,,,,,,,
2022,37,1369,2,None,1,,,,6.701982,3.1995327,10.204432,,,,,,,,,,,,
2021,37,1369,0,None,1,,,,5.4358649,2.3233609,8.5483694,,,,,,,,,,,,
2022,38,1444,1,None,1,,,,6.2171574,2.9548981,9.4794168,,,,,,,,,,,,
2021,38,1444,0,None,1,,,,5.0426321,2.1534946,7.9317689,,,,,,,,,,,,
2020,38,1444,0,None,1,,,,4.7295957,1.9225906,7.5366001,,,,,,,,,,,,
2021,39,1521,0,None,1,,,,4.6436672,1.9783058,7.3090286,,,,,,,,,,,,
2022,39,1521,0,None,1,,,,5.725266,2.7025928,8.7479391,,,,,,,,,,,,
2020,39,1521,1,None,1,,,,4.3553977,1.7450246,6.9657707,,,,,,,,,,,,
2021,40,1600,3,None,1,,,,4.2450237,1.8000975,6.6899495,,,,,,,,,,,,
2022,40,1600,0,None,1,,,,5.2337708,2.4464443,8.0210972,,,,,,,,,,,,
2020,40,1600,0,None,1,,,,3.9815011,1.5678487,6.3951535,,,,,,,,,,,,
2021,41,1681,1,None,1,,,,3.8522489,1.6212521,6.0832458,,,,,,,,,,,,
2022,41,1681,4,None,1,,,,4.7495112,2.1903305,7.308692,,,,,,,,,,,,
2020,41,1681,1,None,1,,,,3.6131091,1.3933635,5.8328543,,,,,,,,,,,,
2020,42,1764,3,None,1,,,,3.2548463,1.2237823,5.2859106,,,,,,,,,,,,
2021,42,1764,5,None,1,,,,3.470274,1.4441823,5.496366,,,,,,,,,,,,
2022,42,1764,3,None,1,,,,4.2785673,1.9380834,6.6190515,,,,,,,,,,,,
2020,43,1849,0,None,1,,,,2.9106846,1.0611734,4.7601957,,,,,,,,,,,,
2022,43,1849,1,None,1,,,,3.826159,1.6933733,5.9589448,,,,,,,,,,,,
2021,43,1849,1,None,1,,,,3.1033332,1.2712675,4.9353991,,,,,,,,,,,,
2021,44,1936,0,None,1,,,,2.7549155,1.1047817,4.4050493,,,,,,,,,,,,
2022,44,1936,0,None,1,,,,3.3965881,1.4595882,5.3335881,,,,,,,,,,,,
2020,44,1936,0,None,1,,,,2.5838959,.90739936,4.2603922,,,,,,,,,,,,
2021,45,2025,6,None,1,,,,2.4277465,.94681406,3.908679,,,,,,,,,,,,
2022,45,2025,0,None,1,,,,2.9932153,1.2397124,4.7467179,,,,,,,,,,,,
2020,45,2025,0,None,1,,,,2.2770369,.76405811,3.7900157,,,,,,,,,,,,
2020,46,2116,0,None,1,,,,1.9919587,.63243121,3.3514864,,,,,,,,,,,,
2021,46,2116,0,None,1,,,,2.1238,.79918998,3.44841,,,,,,,,,,,,
2022,46,2116,0,None,1,,,,2.6184738,1.0362171,4.2007303,,,,,,,,,,,,
2020,47,2209,0,None,1,,,,1.7298396,.51344466,2.9462345,,,,,,,,,,,,
2022,47,2209,0,None,1,,,,2.2739122,.85097587,3.6968486,,,,,,,,,,,,
2021,47,2209,0,None,1,,,,1.844332,.66339999,3.025264,,,,,,,,,,,,
2021,48,2304,0,None,1,,,,1.5899366,.54054284,2.6393304,,,,,,,,,,,,
2020,48,2304,2,None,1,,,,1.4912364,.40764585,2.5748272,,,,,,,,,,,,
2022,48,2304,0,None,1,,,,1.9602633,.68521184,3.2353146,,,,,,,,,,,,
2020,49,2401,2,None,1,,,,1.276152,.31520125,2.237103,,,,,,,,,,,,
2022,49,2401,0,None,1,,,,1.6775301,.53948587,2.8155742,,,,,,,,,,,,
2021,49,2401,2,None,1,,,,1.3606163,.43129092,2.2899418,,,,,,,,,,,,
2021,50,2500,0,None,1,,,,1.1558642,.33588195,1.9758464,,,,,,,,,,,,
2022,50,2500,0,None,1,,,,1.4250871,.41372481,2.4364493,,,,,,,,,,,,
2020,50,2500,0,None,1,,,,1.0841105,.23591352,1.9323074,,,,,,,,,,,,
2020,51,2601,0,None,1,,,,.91423923,.16925812,1.6592203,,,,,,,,,,,,
2021,51,2601,1,None,1,,,,.97474974,.25413743,1.695362,,,,,,,,,,,,
2022,51,2601,1,None,1,,,,1.2017876,.30728537,2.0962899,,,,,,,,,,,,
2022,52,2704,2,None,1,,,,1.0060724,.21904689,1.793098,,,,,,,,,,,,
2021,52,2704,5,None,1,,,,.81600845,.18550667,1.4465102,,,,,,,,,,,,
2020,52,2704,2,None,1,,,,.76535231,.11443502,1.4162695,,,,,,,,,,,,
2021,53,2809,4,None,1,,,,.67812753,.1291298,1.2271253,,,,,,,,,,,,
2022,53,2809,10,None,1,,,,.83607644,.14752093,1.524632,,,,,,,,,,,,
2020,53,2809,0,None,1,,,,.63603073,.070430905,1.2016306,,,,,,,,,,,,
2022,1,1,0,min15,2,,,,,,,.47066218,.0074433074,.93388104,,,,,,,,,
2021,1,1,1,min15,2,,,,,,,.38115883,.030933732,.73138392,,,,,,,,,
2020,1,1,1,min15,2,,,,,,,.38206789,.022227984,.74190778,,,,,,,,,
2020,2,4,2,min15,2,,,,,,,.46768919,.052745845,.88263249,,,,,,,,,
2022,2,4,0,min15,2,,,,,,,.57613742,.040548589,1.1117263,,,,,,,,,
2021,2,4,0,min15,2,,,,,,,.4665764,.062098615,.87105417,,,,,,,,,
2022,3,9,0,min15,2,,,,,,,.69969642,.085301004,1.3140918,,,,,,,,,
2021,3,9,0,min15,2,,,,,,,.56663883,.10293916,1.0303385,,,,,,,,,
2020,3,9,0,min15,2,,,,,,,.56799024,.093287416,1.0426931,,,,,,,,,
2022,4,16,1,min15,2,,,,,,,.84306288,.14361164,1.5425142,,,,,,,,,
2020,4,16,0,min15,2,,,,,,,.6843704,.14541209,1.2233287,,,,,,,,,
2021,4,16,3,min15,2,,,,,,,.68274206,.15483052,1.2106537,,,,,,,,,
2020,5,25,4,min15,2,,,,,,,.81810367,.21057458,1.4256327,,,,,,,,,
2021,5,25,5,min15,2,,,,,,,.8161571,.21900347,1.4133108,,,,,,,,,
2022,5,25,0,min15,2,,,,,,,1.0078063,.21730085,1.7983118,,,,,,,,,
2022,6,36,1,min15,2,,,,,,,1.1952561,.30798021,2.0825322,,,,,,,,,
2021,6,36,0,min15,2,,,,,,,.96796054,.29644209,1.639479,,,,,,,,,
2020,6,36,0,min15,2,,,,,,,.97026914,.29001895,1.6505194,,,,,,,,,
2020,7,49,0,min15,2,,,,,,,1.1416761,.38466322,1.8986889,,,,,,,,,
2021,7,49,0,min15,2,,,,,,,1.1389596,.38777822,1.890141,,,,,,,,,
2022,7,49,0,min15,2,,,,,,,1.406409,.41692278,2.3958952,,,,,,,,,
2022,8,64,0,min15,2,,,,,,,1.6418334,.54493064,2.7387362,,,,,,,,,
2021,8,64,0,min15,2,,,,,,,1.3296146,.49319297,2.1660361,,,,,,,,,
2020,8,64,0,min15,2,,,,,,,1.3327857,.49498343,2.170588,,,,,,,,,
2020,9,81,0,min15,2,,,,,,,1.5436348,.6209088,2.4663608,,,,,,,,,
2021,9,81,0,min15,2,,,,,,,1.5399619,.61233699,2.467587,,,,,,,,,
2022,9,81,0,min15,2,,,,,,,1.9015744,.69221163,3.1109371,,,,,,,,,
2020,10,100,1,min15,2,,,,,,,1.7737628,.7617411,2.7857845,,,,,,,,,
2022,10,100,3,min15,2,,,,,,,2.1850648,.85827786,3.5118515,,,,,,,,,
2021,10,100,1,min15,2,,,,,,,1.7695425,.74428231,2.7948027,,,,,,,,,
2022,11,121,1,min15,2,,,,,,,2.4910479,1.0418807,3.9402151,,,,,,,,,
2021,11,121,0,min15,2,,,,,,,2.0173385,.88751495,3.147162,,,,,,,,,
2020,11,121,0,min15,2,,,,,,,2.0221498,.91611177,3.1281879,,,,,,,,,
2020,12,144,0,min15,2,,,,,,,2.2871671,1.0819868,3.4923472,,,,,,,,,
2021,12,144,0,min15,2,,,,,,,2.2817252,1.0399733,3.5234768,,,,,,,,,
2022,12,144,0,min15,2,,,,,,,2.8175175,1.2409927,4.3940425,,,,,,,,,
2022,13,169,0,min15,2,,,,,,,3.1616805,1.4528437,4.8705173,,,,,,,,,
2021,13,169,0,min15,2,,,,,,,2.5604403,1.1991303,3.9217503,,,,,,,,,
2020,13,169,0,min15,2,,,,,,,2.5665469,1.2567254,3.8763685,,,,,,,,,
2021,14,196,0,min15,2,,,,,,,2.8505769,1.3621116,4.3390422,,,,,,,,,
2020,14,196,0,min15,2,,,,,,,2.8573754,1.4371874,4.2775636,,,,,,,,,
2022,14,196,0,min15,2,,,,,,,3.5199466,1.6740122,5.365881,,,,,,,,,
2021,15,225,1,min15,2,,,,,,,3.1486011,1.5258332,4.7713685,,,,,,,,,
2020,15,225,0,min15,2,,,,,,,3.1561105,1.6198809,4.6923399,,,,,,,,,
2022,15,225,0,min15,2,,,,,,,3.8879526,1.9005629,5.8753419,,,,,,,,,
2020,16,256,0,min15,2,,,,,,,3.4586279,1.8011308,5.1161251,,,,,,,,,
2022,16,256,3,min15,2,,,,,,,4.2606182,2.1282189,6.3930173,,,,,,,,,
2021,16,256,0,min15,2,,,,,,,3.4503987,1.6871465,5.2136512,,,,,,,,,
2022,17,289,4,min15,2,,,,,,,4.6322398,2.3525486,6.911931,,,,,,,,,
2021,17,289,3,min15,2,,,,,,,3.7513511,1.8429712,5.6597314,,,,,,,,,
2020,17,289,1,min15,2,,,,,,,3.7602983,1.9772497,5.5433464,,,,,,,,,
2020,18,324,2,min15,2,,,,,,,4.0560894,2.1446943,5.967484,,,,,,,,,
2021,18,324,2,min15,2,,,,,,,4.0464382,1.9904108,6.1024661,,,,,,,,,
2022,18,324,2,min15,2,,,,,,,4.9966192,2.5691504,7.424088,,,,,,,,,
2020,19,361,5,min15,2,,,,,,,4.3406973,2.3001933,6.3812008,,,,,,,,,
2021,19,361,2,min15,2,,,,,,,4.330369,2.126842,6.5338964,,,,,,,,,
2022,19,361,5,min15,2,,,,,,,5.3472223,2.7738183,7.9206266,,,,,,,,,
2020,20,400,9,min15,2,,,,,,,4.6086979,2.440845,6.7765508,,,,,,,,,
2021,20,400,7,min15,2,,,,,,,4.5977325,2.2499762,6.9454885,,,,,,,,,
2022,20,400,0,min15,2,,,,,,,5.6773677,2.9626789,8.3920565,,,,,,,,,
2021,21,441,15,min15,2,,,,,,,4.8431649,2.357898,7.3284311,,,,,,,,,
2020,21,441,7,min15,2,,,,,,,4.8547158,2.5641799,7.1452513,,,,,,,,,
2022,21,441,6,min15,2,,,,,,,5.980432,3.1322947,8.8285694,,,,,,,,,
2022,22,484,16,min15,2,,,,,,,6.2500701,3.2797334,9.2204065,,,,,,,,,
2021,22,484,16,min15,2,,,,,,,5.0615268,2.44908,7.673974,,,,,,,,,
2020,22,484,24,min15,2,,,,,,,5.0735989,2.6681943,7.4790034,,,,,,,,,
2022,23,529,32,min15,2,,,,,,,6.480432,3.402606,9.5582581,,,,,,,,,
2020,23,529,34,min15,2,,,,,,,5.2605991,2.7513621,7.7698364,,,,,,,,,
2021,23,529,35,min15,2,,,,,,,5.2480826,2.5223808,7.9737844,,,,,,,,,
2020,24,576,34,min15,2,,,,,,,5.4115429,2.8126261,8.0104589,,,,,,,,,
2022,24,576,25,min15,2,,,,,,,6.6663766,3.4990811,9.8336725,,,,,,,,,
2021,24,576,6,min15,2,,,,,,,5.3986669,2.5770307,8.2203035,,,,,,,,,
2021,25,625,8,min15,2,,,,,,,5.5098424,2.6126056,8.4070797,,,,,,,,,
2022,25,625,28,min15,2,,,,,,,6.8036585,3.5678785,10.039438,,,,,,,,,
2020,25,625,20,min15,2,,,,,,,5.5229836,2.8513782,8.1945887,,,,,,,,,
2020,26,676,6,min15,2,,,,,,,5.5923347,2.8674295,8.3172398,,,,,,,,,
2022,26,676,19,min15,2,,,,,,,6.889091,3.6082506,10.169931,,,,,,,,,
2021,26,676,6,min15,2,,,,,,,5.5790291,2.6289988,8.5290594,,,,,,,,,
2020,27,729,4,min15,2,,,,,,,5.6179695,2.8609786,8.3749599,,,,,,,,,
2022,27,729,28,min15,2,,,,,,,6.92067,3.6199543,10.221385,,,,,,,,,
2021,27,729,1,min15,2,,,,,,,5.6046023,2.6263864,8.582818,,,,,,,,,
2021,28,784,0,min15,2,,,,,,,5.5859594,2.6051977,8.5667219,,,,,,,,,
2020,28,784,4,min15,2,,,,,,,5.5992823,2.8325753,8.3659887,,,,,,,,,
2022,28,784,9,min15,2,,,,,,,6.8976493,3.60322,10.192079,,,,,,,,,
2021,29,841,3,min15,2,,,,,,,5.5235405,2.5660853,8.4809961,,,,,,,,,
2022,29,841,11,min15,2,,,,,,,6.8205733,3.5587187,10.082428,,,,,,,,,
2020,29,841,14,min15,2,,,,,,,5.5367141,2.7830873,8.2903414,,,,,,,,,
2021,30,900,8,min15,2,,,,,,,5.4188123,2.5099013,8.3277225,,,,,,,,,
2020,30,900,1,min15,2,,,,,,,5.431736,2.7136674,8.1498041,,,,,,,,,
2022,30,900,14,min15,2,,,,,,,6.6912522,3.4875298,9.8949747,,,,,,,,,
2021,31,961,1,min15,2,,,,,,,5.27421,2.4376776,8.1107416,,,,,,,,,
2020,31,961,0,min15,2,,,,,,,5.2867889,2.6257257,7.9478517,,,,,,,,,
2022,31,961,1,min15,2,,,,,,,6.5126948,3.3911128,9.6342764,,,,,,,,,
2020,32,1024,0,min15,2,,,,,,,5.1051917,2.5209019,7.6894813,,,,,,,,,
2021,32,1024,1,min15,2,,,,,,,5.0930448,2.3506134,7.8354764,,,,,,,,,
2022,32,1024,2,min15,2,,,,,,,6.2889886,3.2712789,9.3066988,,,,,,,,,
2020,33,1089,1,min15,2,,,,,,,4.8910141,2.401042,7.3809862,,,,,,,,,
2022,33,1089,4,min15,2,,,,,,,6.0251474,3.1301656,8.9201288,,,,,,,,,
2021,33,1089,2,min15,2,,,,,,,4.8793769,2.2500625,7.5086913,,,,,,,,,
2022,34,1156,1,min15,2,,,,,,,5.7269225,2.9702108,8.483634,,,,,,,,,
2020,34,1156,1,min15,2,,,,,,,4.6489253,2.2681742,7.0296764,,,,,,,,,
2021,34,1156,0,min15,2,,,,,,,4.6378641,2.1375282,7.1381993,,,,,,,,,
2022,35,1225,0,min15,2,,,,,,,5.4005966,2.7941248,8.0070686,,,,,,,,,
2020,35,1225,0,min15,2,,,,,,,4.3840246,2.1244862,6.6435628,,,,,,,,,
2021,35,1225,1,min15,2,,,,,,,4.3735933,2.0146546,6.7325325,,,,,,,,,
2022,36,1296,1,min15,2,,,,,,,5.052763,2.6048558,7.5006704,,,,,,,,,
2020,36,1296,0,min15,2,,,,,,,4.101665,1.9722967,6.2310328,,,,,,,,,
2021,36,1296,1,min15,2,,,,,,,4.0919056,1.8832181,6.3005934,,,,,,,,,
2020,37,1369,0,min15,2,,,,,,,3.8072741,1.8140249,5.8005233,,,,,,,,,
2022,37,1369,1,min15,2,,,,,,,4.6901088,2.4055493,6.974668,,,,,,,,,
2021,37,1369,0,min15,2,,,,,,,3.7982154,1.745114,5.8513169,,,,,,,,,
2021,38,1444,0,min15,2,,,,,,,3.4978433,1.6023376,5.3933487,,,,,,,,,
2020,38,1444,0,min15,2,,,,,,,3.5061855,1.6521513,5.36022,,,,,,,,,
2022,38,1444,1,min15,2,,,,,,,4.3192034,2.1994982,6.4389086,,,,,,,,,
2022,39,1521,0,min15,2,,,,,,,3.9463098,1.9900788,5.9025412,,,,,,,,,
2020,39,1521,1,min15,2,,,,,,,3.2034831,1.4891727,4.9177933,,,,,,,,,
2021,39,1521,0,min15,2,,,,,,,3.1958609,1.456957,4.9347649,,,,,,,,,
2022,40,1600,0,min15,2,,,,,,,3.5772188,1.7806752,5.3737621,,,,,,,,,
2020,40,1600,0,min15,2,,,,,,,2.903867,1.3275484,4.480186,,,,,,,,,
2021,40,1600,3,min15,2,,,,,,,2.8969579,1.3110765,4.4828391,,,,,,,,,
2020,41,1681,1,min15,2,,,,,,,2.6115468,1.1696398,4.0534539,,,,,,,,,
2021,41,1681,1,min15,2,,,,,,,2.6053331,1.1667917,4.0438743,,,,,,,,,
2022,41,1681,3,min15,2,,,,,,,3.2171149,1.5745914,4.8596382,,,,,,,,,
2022,42,1764,3,min15,2,,,,,,,2.8704793,1.3749537,4.3660049,,,,,,,,,
2021,42,1764,4,min15,2,,,,,,,2.3246155,1.0261356,3.6230953,,,,,,,,,
2020,42,1764,3,min15,2,,,,,,,2.3301597,1.0176461,3.6426733,,,,,,,,,
2022,43,1849,1,min15,2,,,,,,,2.5410256,1.1846089,3.8974426,,,,,,,,,
2021,43,1849,1,min15,2,,,,,,,2.0578122,.89101839,3.224606,,,,,,,,,
2020,43,1849,0,min15,2,,,,,,,2.0627201,.87353754,3.2519028,,,,,,,,,
2022,44,1936,0,min15,2,,,,,,,2.2316725,1.0060266,3.4573185,,,,,,,,,
2021,44,1936,0,min15,2,,,,,,,1.8072871,.76316446,2.8514097,,,,,,,,,
2020,44,1936,0,min15,2,,,,,,,1.8115975,.73899406,2.884201,,,,,,,,,
2020,45,2025,0,min15,2,,,,,,,1.5785193,.61535269,2.5416861,,,,,,,,,
2021,45,2025,2,min15,2,,,,,,,1.5747635,.64405113,2.505476,,,,,,,,,
2022,45,2025,0,min15,2,,,,,,,1.944548,.84121311,3.0478828,,,,,,,,,
2022,46,2116,0,min15,2,,,,,,,1.6810229,.69164819,2.6703975,,,,,,,,,
2020,46,2116,0,min15,2,,,,,,,1.3645984,.5035699,2.2256269,,,,,,,,,
2021,46,2116,0,min15,2,,,,,,,1.3613516,.53485471,2.1878486,,,,,,,,,
2022,47,2209,0,min15,2,,,,,,,1.4417679,.55825138,2.3252845,,,,,,,,,
2021,47,2209,0,min15,2,,,,,,,1.1675946,.43641087,1.8987782,,,,,,,,,
2020,47,2209,0,min15,2,,,,,,,1.1703793,.40420362,1.9365549,,,,,,,,,
2021,48,2304,0,min15,2,,,,,,,.99352908,.34919265,1.6378654,,,,,,,,,
2022,48,2304,0,min15,2,,,,,,,1.2268286,.44138137,2.0122759,,,,,,,,,
2020,48,2304,1,min15,2,,,,,,,.9958986,.31741649,1.6743808,,,,,,,,,
2022,49,2401,0,min15,2,,,,,,,1.0357125,.34086931,1.7305555,,,,,,,,,
2020,49,2401,2,min15,2,,,,,,,.84075689,.24300133,1.4385124,,,,,,,,,
2021,49,2401,1,min15,2,,,,,,,.83875644,.27331099,1.4042019,,,,,,,,,
2022,50,2500,0,min15,2,,,,,,,.86748356,.25608146,1.4788857,,,,,,,,,
2020,50,2500,0,min15,2,,,,,,,.70419431,.18042524,1.2279633,,,,,,,,,
2021,50,2500,0,min15,2,,,,,,,.70251876,.20853685,1.1965008,,,,,,,,,
2022,51,2601,1,min15,2,,,,,,,.72085863,.1860033,1.2557139,,,,,,,,,
2020,51,2601,0,min15,2,,,,,,,.58516908,.1288887,1.0414494,,,,,,,,,
2021,51,2601,1,min15,2,,,,,,,.58377677,.15434344,1.0132101,,,,,,,,,
2020,52,2704,2,min15,2,,,,,,,.48243296,.087392889,.87747306,,,,,,,,,
2022,52,2704,1,min15,2,,,,,,,.59430003,.12933601,1.0592641,,,,,,,,,
2021,52,2704,3,min15,2,,,,,,,.4812851,.10996278,.85260743,,,,,,,,,
2020,53,2809,0,min15,2,,,,,,,.39460209,.054809868,.73439431,,,,,,,,,
2021,53,2809,3,min15,2,,,,,,,.3936632,.074451193,.71287525,,,,,,,,,
2022,53,2809,6,min15,2,,,,,,,.48610282,.084595941,.88760972,,,,,,,,,
2020,1,1,1,min30,3,,,,,,,,,,.39979795,.035431519,.76416439,,,,,,
2022,1,1,0,min30,3,,,,,,,,,,.47627193,.024469333,.92807454,,,,,,
2021,1,1,1,min30,3,,,,,,,,,,.3972972,.043822814,.75077158,,,,,,
2021,2,4,0,min30,3,,,,,,,,,,.47922492,.077058278,.88139153,,,,,,
2020,2,4,2,min30,3,,,,,,,,,,.48224136,.068282612,.89620006,,,,,,
2022,2,4,0,min30,3,,,,,,,,,,.57448524,.059886988,1.0890834,,,,,,
2022,3,9,0,min30,3,,,,,,,,,,.68788809,.10603126,1.269745,,,,,,
2021,3,9,0,min30,3,,,,,,,,,,.57382345,.11936618,1.0282807,,,,,,
2020,3,9,0,min30,3,,,,,,,,,,.57743537,.1105802,1.0442905,,,,,,
2020,4,16,0,min30,3,,,,,,,,,,.68636847,.1635364,1.2092006,,,,,,
2021,4,16,3,min30,3,,,,,,,,,,.6820752,.17179641,1.1923541,,,,,,
2022,4,16,1,min30,3,,,,,,,,,,.81765813,.16434968,1.4709666,,,,,,
2021,5,25,5,min30,3,,,,,,,,,,.80482465,.23522606,1.3744233,,,,,,
2022,5,25,0,min30,3,,,,,,,,,,.96480769,.23614848,1.6934669,,,,,,
2020,5,25,4,min30,3,,,,,,,,,,.80989057,.22821939,1.3915617,,,,,,
2021,6,36,0,min30,3,,,,,,,,,,.9427256,.31027707,1.5751742,,,,,,
2022,6,36,1,min30,3,,,,,,,,,,1.1301206,.32249773,1.9377435,,,,,,
2020,6,36,0,min30,3,,,,,,,,,,.94865954,.30546635,1.5918527,,,,,,
2021,7,49,0,min30,3,,,,,,,,,,1.0961863,.39723572,1.7951369,,,,,,
2022,7,49,0,min30,3,,,,,,,,,,1.3140862,.42413223,2.2040403,,,,,,
2020,7,49,0,min30,3,,,,,,,,,,1.1030861,.39579326,1.810379,,,,,,
2021,8,64,0,min30,3,,,,,,,,,,1.2653146,.49598274,2.0346463,,,,,,
2022,8,64,0,min30,3,,,,,,,,,,1.5168338,.54135627,2.4923112,,,,,,
2020,8,64,0,min30,3,,,,,,,,,,1.273279,.49930942,2.0472484,,,,,,
2021,9,81,0,min30,3,,,,,,,,,,1.4498652,.6059432,2.2937872,,,,,,
2022,9,81,0,min30,3,,,,,,,,,,1.7380694,.6739611,2.8021777,,,,,,
2020,9,81,0,min30,3,,,,,,,,,,1.4589913,.61564589,2.3023367,,,,,,
2020,10,100,1,min30,3,,,,,,,,,,1.659575,.74390793,2.575242,,,,,,
2022,10,100,3,min30,3,,,,,,,,,,1.9770211,.82116532,3.1328769,,,,,,
2021,10,100,1,min30,3,,,,,,,,,,1.6491944,.72606534,2.5723233,,,,,,
2022,11,121,1,min30,3,,,,,,,,,,2.2323923,.98158759,3.4831972,,,,,,
2021,11,121,0,min30,3,,,,,,,,,,1.8622203,.8548339,2.8696067,,,,,,
2020,11,121,0,min30,3,,,,,,,,,,1.8739418,.88266164,2.865222,,,,,,
2021,12,144,0,min30,3,,,,,,,,,,2.0873983,.99032104,3.1844754,,,,,,
2020,12,144,0,min30,3,,,,,,,,,,2.1005371,1.0299599,3.1711144,,,,,,
2022,12,144,0,min30,3,,,,,,,,,,2.5023313,1.1532588,3.8514035,,,,,,
2021,13,169,0,min30,3,,,,,,,,,,2.3227079,1.1302692,3.5151467,,,,,,
2022,13,169,0,min30,3,,,,,,,,,,2.7844157,1.3336755,4.2351561,,,,,,
2020,13,169,0,min30,3,,,,,,,,,,2.337328,1.1834102,3.4912457,,,,,,
2020,14,196,0,min30,3,,,,,,,,,,2.5818083,1.3402786,3.823338,,,,,,
2021,14,196,0,min30,3,,,,,,,,,,2.565659,1.2721983,3.8591197,,,,,,
2022,14,196,0,min30,3,,,,,,,,,,3.0756607,1.5198933,4.6314278,,,,,,
2021,15,225,1,min30,3,,,,,,,,,,2.8133147,1.4135234,4.2131057,,,,,,
2020,15,225,0,min30,3,,,,,,,,,,2.8310227,1.4976193,4.1644263,,,,,,
2022,15,225,0,min30,3,,,,,,,,,,3.3725452,1.7086511,5.0364394,,,,,,
2021,16,256,0,min30,3,,,,,,,,,,3.062335,1.5516703,4.573,,,,,,
2022,16,256,2,min30,3,,,,,,,,,,3.671066,1.8965123,5.4456196,,,,,,
2020,16,256,0,min30,3,,,,,,,,,,3.0816107,1.6524132,4.510808,,,,,,
2021,17,289,3,min30,3,,,,,,,,,,3.309041,1.684178,4.9339042,,,,,,
2020,17,289,1,min30,3,,,,,,,,,,3.3298695,1.8017027,4.858036,,,,,,
2022,17,289,3,min30,3,,,,,,,,,,3.9668121,2.0800111,5.8536134,,,,,,
2020,18,324,2,min30,3,,,,,,,,,,3.5718374,1.9427059,5.2009692,,,,,,
2021,18,324,2,min30,3,,,,,,,,,,3.5494955,1.8087802,5.2902112,,,,,,
2022,18,324,2,min30,3,,,,,,,,,,4.255064,2.2557876,6.2543406,,,,,,
2020,19,361,5,min30,3,,,,,,,,,,3.8033931,2.0729063,5.5338798,,,,,,
2022,19,361,4,min30,3,,,,,,,,,,4.5309119,2.420701,6.6411233,,,,,,
2021,19,361,2,min30,3,,,,,,,,,,3.7796028,1.9234644,5.6357412,,,,,,
2020,20,400,8,min30,3,,,,,,,,,,4.0203676,2.190114,5.8506212,,,,,,
2022,20,400,0,min30,3,,,,,,,,,,4.7893901,2.571919,7.0068607,,,,,,
2021,20,400,7,min30,3,,,,,,,,,,3.9952202,2.0265088,5.9639316,,,,,,
2020,21,441,5,min30,3,,,,,,,,,,4.218668,2.2924991,6.1448369,,,,,,
2021,21,441,14,min30,3,,,,,,,,,,4.1922803,2.1164987,6.2680616,,,,,,
2022,21,441,6,min30,3,,,,,,,,,,5.0256214,2.7069762,7.3442669,,,,,,
2021,22,484,11,min30,3,,,,,,,,,,4.3669171,2.1923277,6.5415063,,,,,,
2020,22,484,22,min30,3,,,,,,,,,,4.3944039,2.3786056,6.4102025,,,,,,
2022,22,484,14,min30,3,,,,,,,,,,5.2349725,2.8238094,7.6461358,,,,,,
2022,23,529,30,min30,3,,,,,,,,,,5.4131999,2.920769,7.9056311,,,,,,
2020,23,529,26,min30,3,,,,,,,,,,4.544014,2.4473462,6.6406817,,,,,,
2021,23,529,27,min30,3,,,,,,,,,,4.5155911,2.2531877,6.7779946,,,,,,
2020,24,576,30,min30,3,,,,,,,,,,4.6643848,2.497987,6.8307824,,,,,,
2021,24,576,4,min30,3,,,,,,,,,,4.6352086,2.2985482,6.9718695,,,,,,
2022,24,576,17,min30,3,,,,,,,,,,5.5565953,2.9966164,8.1165752,,,,,,
2022,25,625,21,min30,3,,,,,,,,,,5.6621127,3.0505071,8.2737188,,,,,,
2020,25,625,16,min30,3,,,,,,,,,,4.7529593,2.5301247,6.9757938,,,,,,
2021,25,625,8,min30,3,,,,,,,,,,4.7232294,2.328135,7.1183238,,,,,,
2022,26,676,18,min30,3,,,,,,,,,,5.7274761,3.0819697,8.372983,,,,,,
2021,26,676,6,min30,3,,,,,,,,,,4.7777543,2.3419015,7.2136073,,,,,,
2020,26,676,6,min30,3,,,,,,,,,,4.8078275,2.5436592,7.0719957,,,,,,
2022,27,729,21,min30,3,,,,,,,,,,5.7512617,3.0908809,8.4116421,,,,,,
2021,27,729,1,min30,3,,,,,,,,,,4.7975955,2.3400037,7.2551875,,,,,,
2020,27,729,4,min30,3,,,,,,,,,,4.8277936,2.5387669,7.1168203,,,,,,
2021,28,784,0,min30,3,,,,,,,,,,4.7823186,2.3227761,7.2418609,,,,,,
2022,28,784,6,min30,3,,,,,,,,,,5.7329473,3.0774376,8.3884573,,,,,,
2020,28,784,4,min30,3,,,,,,,,,,4.8124204,2.5158732,7.1089673,,,,,,
2020,29,841,11,min30,3,,,,,,,,,,4.7620444,2.4756284,7.0484605,,,,,,
2021,29,841,3,min30,3,,,,,,,,,,4.7322578,2.2907109,7.1738043,,,,,,
2022,29,841,9,min30,3,,,,,,,,,,5.6729355,3.042136,8.3037357,,,,,,
2020,30,900,1,min30,3,,,,,,,,,,4.6777644,2.4188862,6.9366431,,,,,,
2022,30,900,10,min30,3,,,,,,,,,,5.5725346,2.9857478,8.1593218,,,,,,
2021,30,900,8,min30,3,,,,,,,,,,4.6485052,2.244442,7.052568,,,,,,
2021,31,961,1,min30,3,,,,,,,,,,4.5328698,2.1847329,6.8810072,,,,,,
2022,31,961,1,min30,3,,,,,,,,,,5.4339137,2.9093049,7.9585228,,,,,,
2020,31,961,0,min30,3,,,,,,,,,,4.5614018,2.3466861,6.7761173,,,,,,
2022,32,1024,2,min30,3,,,,,,,,,,5.2600241,2.8140841,7.7059646,,,,,,
2021,32,1024,1,min30,3,,,,,,,,,,4.3878145,2.1124704,6.6631589,,,,,,
2020,32,1024,0,min30,3,,,,,,,,,,4.4154334,2.2602382,6.5706282,,,,,,
2022,33,1089,4,min30,3,,,,,,,,,,5.0544953,2.7015955,7.4073949,,,,,,
2020,33,1089,1,min30,3,,,,,,,,,,4.2429056,2.1609118,6.3248992,,,,,,
2021,33,1089,2,min30,3,,,,,,,,,,4.2163658,2.0286598,6.4040723,,,,,,
2020,34,1156,1,min30,3,,,,,,,,,,4.0473285,2.0502241,6.0444326,,,,,,
2022,34,1156,1,min30,3,,,,,,,,,,4.8215075,2.5735734,7.0694418,,,,,,
2021,34,1156,0,min30,3,,,,,,,,,,4.0220122,1.9344257,6.1095986,,,,,,
2022,35,1225,0,min30,3,,,,,,,,,,4.5656538,2.431963,6.6993446,,,,,,
2021,35,1225,1,min30,3,,,,,,,,,,3.8085835,1.8310091,5.7861581,,,,,,
2020,35,1225,0,min30,3,,,,,,,,,,3.8325562,1.9298277,5.7352848,,,,,,
2020,36,1296,0,min30,3,,,,,,,,,,3.6026635,1.8014994,5.4038277,,,,,,
2022,36,1296,1,min30,3,,,,,,,,,,4.2917867,2.2789068,6.3046665,,,,,,
2021,36,1296,1,min30,3,,,,,,,,,,3.5801287,1.7197677,5.4404898,,,,,,
2021,37,1369,0,min30,3,,,,,,,,,,3.3407874,1.6021707,5.0794039,,,,,,
2020,37,1369,0,min30,3,,,,,,,,,,3.3618155,1.6671202,5.0565109,,,,,,
2022,37,1369,1,min30,3,,,,,,,,,,4.004869,2.1167257,5.893012,,,,,,
2022,38,1444,1,min30,3,,,,,,,,,,3.709826,1.9478903,5.4717617,,,,,,
2020,38,1444,0,min30,3,,,,,,,,,,3.1141469,1.5286542,4.6996398,,,,,,
2021,38,1444,0,min30,3,,,,,,,,,,3.0946679,1.4797894,4.7095466,,,,,,
2020,39,1521,1,min30,3,,,,,,,,,,2.8636463,1.3881171,4.3391752,,,,,,
2022,39,1521,0,min30,3,,,,,,,,,,3.4114089,1.7749828,5.0478354,,,,,,
2021,39,1521,0,min30,3,,,,,,,,,,2.8457341,1.3542814,4.3371868,,,,,,
2021,40,1600,3,min30,3,,,,,,,,,,2.5977037,1.2273669,3.9680405,,,,,,
2020,40,1600,0,min30,3,,,,,,,,,,2.6140547,1.247538,3.9805713,,,,,,
2022,40,1600,0,min30,3,,,,,,,,,,3.1140752,1.600648,4.6275024,,,,,,
2022,41,1681,3,min30,3,,,,,,,,,,2.8218858,1.4275306,4.2162409,,,,,,
2021,41,1681,1,min30,3,,,,,,,,,,2.3539646,1.1007962,3.6071332,,,,,,
2020,41,1681,1,min30,3,,,,,,,,,,2.3687816,1.1089141,3.6286488,,,,,,
2021,42,1764,3,min30,3,,,,,,,,,,2.1175091,.97630829,3.2587101,,,,,,
2022,42,1764,3,min30,3,,,,,,,,,,2.5384276,1.258201,3.8186543,,,,,,
2020,42,1764,3,min30,3,,,,,,,,,,2.1308377,.97415727,3.287518,,,,,,
2021,43,1849,1,min30,3,,,,,,,,,,1.8908876,.855582,2.9261932,,,,,,
2020,43,1849,0,min30,3,,,,,,,,,,1.9027896,.84503776,2.9605415,,,,,,
2022,43,1849,1,min30,3,,,,,,,,,,2.2667582,1.0950743,3.4384422,,,,,,
2022,44,1936,0,min30,3,,,,,,,,,,2.0093734,.94032568,3.0784211,,,,,,
2021,44,1936,0,min30,3,,,,,,,,,,1.676182,.74018186,2.6121821,,,,,,
2020,44,1936,0,min30,3,,,,,,,,,,1.6867325,.72312695,2.6503382,,,,,,
2020,45,2025,0,min30,3,,,,,,,,,,1.484283,.60974544,2.3588204,,,,,,
2021,45,2025,2,min30,3,,,,,,,,,,1.4749987,.63150221,2.3184953,,,,,,
2022,45,2025,0,min30,3,,,,,,,,,,1.768199,.79581207,2.7405858,,,,,,
2021,46,2116,0,min30,3,,,,,,,,,,1.2884785,.53071451,2.0462425,,,,,,
2020,46,2116,0,min30,3,,,,,,,,,,1.2965887,.50592053,2.0872569,,,,,,
2022,46,2116,0,min30,3,,,,,,,,,,1.5446022,.66300583,2.4261987,,,,,,
2020,47,2209,0,min30,3,,,,,,,,,,1.1243533,.41235819,1.8363483,,,,,,
2021,47,2209,0,min30,3,,,,,,,,,,1.1173204,.43872368,1.7959172,,,,,,
2022,47,2209,0,min30,3,,,,,,,,,,1.3394213,.54295039,2.1358922,,,,,,
2020,48,2304,1,min30,3,,,,,,,,,,.96787298,.32943267,1.6063133,,,,,,
2021,48,2304,0,min30,3,,,,,,,,,,.96181893,.35613868,1.5674992,,,,,,
2022,48,2304,0,min30,3,,,,,,,,,,1.1530093,.43624151,1.8697771,,,,,,
2020,49,2401,2,min30,3,,,,,,,,,,.82708281,.25719461,1.3969711,,,,,,
2021,49,2401,1,min30,3,,,,,,,,,,.82190943,.28326038,1.3605585,,,,,,
2022,49,2401,0,min30,3,,,,,,,,,,.98528856,.34303576,1.6275413,,,,,,
2022,50,2500,0,min30,3,,,,,,,,,,.83581299,.26308542,1.4085405,,,,,,
2021,50,2500,0,min30,3,,,,,,,,,,.69721967,.22008888,1.1743504,,,,,,
2020,50,2500,0,min30,3,,,,,,,,,,.70160824,.19539718,1.2078193,,,,,,
2020,51,2601,0,min30,3,,,,,,,,,,.59082025,.14353645,1.0381041,,,,,,
2021,51,2601,1,min30,3,,,,,,,,,,.58712465,.1663492,1.0079001,,,,,,
2022,51,2601,1,min30,3,,,,,,,,,,.70383328,.19579372,1.2118729,,,,,,
2022,52,2704,1,min30,3,,,,,,,,,,.58836329,.14028446,1.036442,,,,,,
2021,52,2704,3,min30,3,,,,,,,,,,.49080172,.12153133,.86007208,,,,,,
2020,52,2704,2,min30,3,,,,,,,,,,.493891,.10090216,.88687986,,,,,,
2022,53,2809,6,min30,3,,,,,,,,,,.48824334,.095478363,.88100833,,,,,,
2021,53,2809,3,min30,3,,,,,,,,,,.40728354,.084940799,.72962624,,,,,,
2020,53,2809,0,min30,3,,,,,,,,,,.40984714,.066633843,.7530604,,,,,,
2022,1,1,0,min60,4,,,,,,,,,,,,,.48486671,.039349869,.9303835,,,
2020,1,1,1,min60,4,,,,,,,,,,,,,.42238972,.047560219,.79721922,,,
2021,1,1,1,min60,4,,,,,,,,,,,,,.41755748,.05651876,.77859616,,,
2022,2,4,0,min60,4,,,,,,,,,,,,,.57696486,.076579615,1.0773501,,,
2021,2,4,0,min60,4,,,,,,,,,,,,,.49687058,.091796465,.90194464,,,
2020,2,4,2,min60,4,,,,,,,,,,,,,.5026207,.082611337,.92263007,,,
2021,3,9,0,min60,4,,,,,,,,,,,,,.58723611,.13561091,1.0388613,,,
2020,3,9,0,min60,4,,,,,,,,,,,,,.59403199,.12660146,1.0614625,,,
2022,3,9,0,min60,4,,,,,,,,,,,,,.6818971,.12367549,1.2401187,,,
2020,4,16,0,min60,4,,,,,,,,,,,,,.69730347,.1804612,1.2141457,,,
2021,4,16,3,min60,4,,,,,,,,,,,,,.68932611,.18874298,1.1899092,,,
2022,4,16,1,min60,4,,,,,,,,,,,,,.80044377,.1817133,1.4191742,,,
2020,5,25,4,min60,4,,,,,,,,,,,,,.81297326,.24495335,1.3809931,,,
2022,5,25,0,min60,4,,,,,,,,,,,,,.93322265,.25159901,1.6148462,,,
2021,5,25,5,min60,4,,,,,,,,,,,,,.80367261,.2517834,1.3555619,,,
2022,6,36,1,min60,4,,,,,,,,,,,,,1.0806428,.3339932,1.8272926,,,
2021,6,36,0,min60,4,,,,,,,,,,,,,.93062794,.32506678,1.5361891,,,
2020,6,36,0,min60,4,,,,,,,,,,,,,.94139779,.32060158,1.562194,,,
2022,7,49,0,min60,4,,,,,,,,,,,,,1.2428582,.42923608,2.0564802,,,
2021,7,49,0,min60,4,,,,,,,,,,,,,1.0703245,.40861085,1.7320381,,,
2020,7,49,0,min60,4,,,,,,,,,,,,,1.082711,.40762037,1.7578017,,,
2022,8,64,0,min60,4,,,,,,,,,,,,,1.4197224,.53728032,2.3021646,,,
2021,8,64,0,min60,4,,,,,,,,,,,,,1.2226365,.50206822,1.9432046,,,
2020,8,64,0,min60,4,,,,,,,,,,,,,1.2367857,.50585234,1.967719,,,
2022,9,81,0,min60,4,,,,,,,,,,,,,1.6107486,.65763772,2.5638595,,,
2021,9,81,0,min60,4,,,,,,,,,,,,,1.3871444,.6046983,2.1695905,,,
2020,9,81,0,min60,4,,,,,,,,,,,,,1.4031974,.61472088,2.191674,,,
2020,10,100,1,min60,4,,,,,,,,,,,,,1.5811956,.73320627,2.4291849,,,
2021,10,100,1,min60,4,,,,,,,,,,,,,1.5631062,.71536523,2.4108472,,,
2022,10,100,3,min60,4,,,,,,,,,,,,,1.815075,.7893489,2.8408012,,,
2020,11,121,0,min60,4,,,,,,,,,,,,,1.7696805,.859851,2.6795101,,,
2021,11,121,0,min60,4,,,,,,,,,,,,,1.7494348,.83256638,2.6663034,,,
2022,11,121,1,min60,4,,,,,,,,,,,,,2.0314395,.9309808,3.1318982,,,
2020,12,144,0,min60,4,,,,,,,,,,,,,1.9671915,.99279916,2.9415839,,,
2022,12,144,0,min60,4,,,,,,,,,,,,,2.2581649,1.0806569,3.4356728,,,
2021,12,144,0,min60,4,,,,,,,,,,,,,1.9446863,.9544906,2.9348819,,,
2021,13,169,0,min60,4,,,,,,,,,,,,,2.147058,1.0791006,3.2150154,,,
2020,13,169,0,min60,4,,,,,,,,,,,,,2.1719053,1.1298683,3.2139423,,,
2022,13,169,0,min60,4,,,,,,,,,,,,,2.4931586,1.2361203,3.7501967,,,
2021,14,196,0,min60,4,,,,,,,,,,,,,2.3544014,1.2042308,3.5045719,,,
2022,14,196,0,min60,4,,,,,,,,,,,,,2.7339251,1.3948243,4.0730257,,,
2020,14,196,0,min60,4,,,,,,,,,,,,,2.3816481,1.2686479,3.4946485,,,
2021,15,225,1,min60,4,,,,,,,,,,,,,2.5642459,1.3276887,3.8008034,,,
2020,15,225,0,min60,4,,,,,,,,,,,,,2.5939212,1.4066135,3.781229,,,
2022,15,225,0,min60,4,,,,,,,,,,,,,2.9775963,1.5540425,4.4011497,,,
2021,16,256,0,min60,4,,,,,,,,,,,,,2.7738397,1.4473485,4.1003308,,,
2020,16,256,0,min60,4,,,,,,,,,,,,,2.8059404,1.5412432,4.0706377,,,
2022,16,256,1,min60,4,,,,,,,,,,,,,3.2209759,1.7109867,4.7309647,,,
2022,17,289,3,min60,4,,,,,,,,,,,,,3.4606016,1.8629208,5.0582824,,,
2020,17,289,1,min60,4,,,,,,,,,,,,,3.0146894,1.6701239,4.3592553,,,
2021,17,289,3,min60,4,,,,,,,,,,,,,2.9802005,1.5612286,4.3991728,,,
2020,18,324,2,min60,4,,,,,,,,,,,,,3.2169862,1.7910372,4.6429353,,,
2022,18,324,2,min60,4,,,,,,,,,,,,,3.6928208,2.0072591,5.3783822,,,
2021,18,324,2,min60,4,,,,,,,,,,,,,3.1801829,1.6675502,4.6928158,,,
2021,19,361,2,min60,4,,,,,,,,,,,,,3.3705533,1.7647722,4.9763346,,,
2020,19,361,5,min60,4,,,,,,,,,,,,,3.4095597,1.9020208,4.9170985,,,
2022,19,361,4,min60,4,,,,,,,,,,,,,3.9138782,2.1416447,5.6861119,,,
2022,20,400,0,min60,4,,,,,,,,,,,,,4.1200156,2.2640028,5.9760289,,,
2021,20,400,7,min60,4,,,,,,,,,,,,,3.5480747,1.8516103,5.2445393,,,
2020,20,400,8,min60,4,,,,,,,,,,,,,3.5891356,2.0014052,5.1768661,,,
2022,21,441,6,min60,4,,,,,,,,,,,,,4.3075757,2.3725712,6.2425799,,,
2021,21,441,12,min60,4,,,,,,,,,,,,,3.7095976,1.9270386,5.492157,,,
2020,21,441,5,min60,4,,,,,,,,,,,,,3.7525277,2.0878286,5.4172268,,,
2021,22,484,11,min60,4,,,,,,,,,,,,,3.8521512,1.990281,5.7140217,,,
2020,22,484,16,min60,4,,,,,,,,,,,,,3.8967309,2.1602345,5.6332273,,,
2022,22,484,12,min60,4,,,,,,,,,,,,,4.4731083,2.4659131,6.4803038,,,
2021,23,529,22,min60,4,,,,,,,,,,,,,3.9730344,2.0407937,5.9052749,,,
2022,23,529,28,min60,4,,,,,,,,,,,,,4.6134777,2.5429106,6.6840448,,,
2020,23,529,23,min60,4,,,,,,,,,,,,,4.0190129,2.2178586,5.8201675,,,
2020,24,576,25,min60,4,,,,,,,,,,,,,4.1170001,2.2602081,5.9737921,,,
2022,24,576,14,min60,4,,,,,,,,,,,,,4.7259583,2.6027529,6.849164,,,
2021,24,576,4,min60,4,,,,,,,,,,,,,4.0699005,2.0782447,6.0615563,,,
2020,25,625,13,min60,4,,,,,,,,,,,,,4.1887536,2.2870369,6.0904703,,,
2022,25,625,16,min60,4,,,,,,,,,,,,,4.8083253,2.6449132,6.9717369,,,
2021,25,625,7,min60,4,,,,,,,,,,,,,4.1408329,2.1024888,6.1791773,,,
2022,26,676,14,min60,4,,,,,,,,,,,,,4.8589253,2.6691272,7.0487237,,,
2020,26,676,6,min60,4,,,,,,,,,,,,,4.2328339,2.298321,6.167347,,,
2021,26,676,5,min60,4,,,,,,,,,,,,,4.1844091,2.1135449,6.2552733,,,
2021,27,729,1,min60,4,,,,,,,,,,,,,4.1997461,2.111573,6.287919,,,
2020,27,729,4,min60,4,,,,,,,,,,,,,4.2483482,2.2942336,6.2024632,,,
2022,27,729,14,min60,4,,,,,,,,,,,,,4.8767347,2.6753681,7.0781016,,,
2021,28,784,0,min60,4,,,,,,,,,,,,,4.186532,2.0968554,6.2762084,,,
2022,28,784,5,min60,4,,,,,,,,,,,,,4.8613906,2.6638253,7.0589557,,,
2020,28,784,4,min60,4,,,,,,,,,,,,,4.2349811,2.2751236,6.194839,,,
2020,29,841,11,min60,4,,,,,,,,,,,,,4.1930046,2.2414982,6.1445107,,,
2021,29,841,2,min60,4,,,,,,,,,,,,,4.1450353,2.0697811,6.2202897,,,
2022,29,841,9,min60,4,,,,,,,,,,,,,4.8132048,2.6348863,6.9915233,,,
2020,30,900,1,min60,4,,,,,,,,,,,,,4.1232686,2.1940072,6.0525303,,,
2021,30,900,5,min60,4,,,,,,,,,,,,,4.0760975,2.030834,6.1213608,,,
2022,30,900,7,min60,4,,,,,,,,,,,,,4.7331543,2.5891221,6.8771863,,,
2020,31,961,0,min60,4,,,,,,,,,,,,,4.0271745,2.1334319,5.920917,,,
2021,31,961,1,min60,4,,,,,,,,,,,,,3.9811025,1.980587,5.9816179,,,
2022,31,961,1,min60,4,,,,,,,,,,,,,4.6228461,2.527277,6.7184153,,,
2021,32,1024,1,min60,4,,,,,,,,,,,,,3.8619318,1.9196986,5.8041654,,,
2020,32,1024,0,min60,4,,,,,,,,,,,,,3.9066248,2.0606794,5.7525702,,,
2022,32,1024,2,min60,4,,,,,,,,,,,,,4.4844656,2.4502616,6.5186701,,,
2022,33,1089,3,min60,4,,,,,,,,,,,,,4.3207035,2.3591504,6.2822561,,,
2021,33,1089,2,min60,4,,,,,,,,,,,,,3.7209029,1.8489139,5.5928922,,,
2020,33,1089,1,min60,4,,,,,,,,,,,,,3.7639639,1.9767764,5.5511513,,,
2020,34,1156,1,min60,4,,,,,,,,,,,,,3.6019001,1.8828664,5.3209338,,,
2022,34,1156,1,min60,4,,,,,,,,,,,,,4.1346684,2.2551804,6.0141563,,,
2021,34,1156,0,min60,4,,,,,,,,,,,,,3.5606933,1.7690682,5.3523183,,,
2021,35,1225,1,min60,4,,,,,,,,,,,,,3.3842564,1.6810907,5.0874219,,,
2020,35,1225,0,min60,4,,,,,,,,,,,,,3.4234214,1.7802076,5.0666351,,,
2022,35,1225,0,min60,4,,,,,,,,,,,,,3.9297903,2.1397493,5.719831,,,
2020,36,1296,0,min60,4,,,,,,,,,,,,,3.2317035,1.6701685,4.7932386,,,
2021,36,1296,1,min60,4,,,,,,,,,,,,,3.194732,1.5860089,4.8034549,,,
2022,36,1296,1,min60,4,,,,,,,,,,,,,3.7097149,2.0144148,5.405015,,,
2020,37,1369,0,min60,4,,,,,,,,,,,,,3.0300176,1.5542203,4.505815,,,
2022,37,1369,1,min60,4,,,,,,,,,,,,,3.4781969,1.8808873,5.0755067,,,
2021,37,1369,0,min60,4,,,,,,,,,,,,,2.9953535,1.4849504,4.5057564,,,
2020,38,1444,0,min60,4,,,,,,,,,,,,,2.8216379,1.4339257,4.2093501,,,
2021,38,1444,0,min60,4,,,,,,,,,,,,,2.7893574,1.3791416,4.1995735,,,
2022,38,1444,1,min60,4,,,,,,,,,,,,,3.2389951,1.7410185,4.7369714,,,
2022,39,1521,0,min60,4,,,,,,,,,,,,,2.9957728,1.5967817,4.3947639,,,
2020,39,1521,1,min60,4,,,,,,,,,,,,,2.6097558,1.3109199,3.9085915,,,
2021,39,1521,0,min60,4,,,,,,,,,,,,,2.5798993,1.2699006,3.8898983,,,
2022,40,1600,0,min60,4,,,,,,,,,,,,,2.7520096,1.4502406,4.0537786,,,
2020,40,1600,0,min60,4,,,,,,,,,,,,,2.3974023,1.186885,3.6079197,,,
2021,40,1600,3,min60,4,,,,,,,,,,,,,2.3699753,1.1586235,3.5813272,,,
2022,41,1681,3,min60,4,,,,,,,,,,,,,2.5109234,1.3035074,3.7183394,,,
2020,41,1681,1,min60,4,,,,,,,,,,,,,2.1873813,1.0635158,3.3112466,,,
2021,41,1681,1,min60,4,,,,,,,,,,,,,2.1623569,1.0467631,3.2779508,,,
2022,42,1764,3,min60,4,,,,,,,,,,,,,2.2754092,1.1586889,3.3921294,,,
2021,42,1764,3,min60,4,,,,,,,,,,,,,1.9595367,.93579841,2.9832749,,,
2020,42,1764,3,min60,4,,,,,,,,,,,,,1.9822137,.94247746,3.02195,,,
2020,43,1849,0,min60,4,,,,,,,,,,,,,1.7840991,.82535797,2.7428403,,,
2022,43,1849,1,min60,4,,,,,,,,,,,,,2.0479908,1.0178219,3.0781596,,,
2021,43,1849,1,min60,4,,,,,,,,,,,,,1.7636884,.82719588,2.7001812,,,
2020,44,1936,0,min60,4,,,,,,,,,,,,,1.5948871,.71361667,2.4761574,,,
2022,44,1936,0,min60,4,,,,,,,,,,,,,1.8307917,.88280314,2.7787805,,,
2021,44,1936,0,min60,4,,,,,,,,,,,,,1.5766411,.72236389,2.4309182,,,
2020,45,2025,0,min60,4,,,,,,,,,,,,,1.4160657,.60853398,2.2235973,,,
2022,45,2025,0,min60,4,,,,,,,,,,,,,1.6255202,.755319,2.4957216,,,
2021,45,2025,2,min60,4,,,,,,,,,,,,,1.3998654,.62260288,2.1771281,,,
2021,46,2116,0,min60,4,,,,,,,,,,,,,1.2344748,.52905506,1.9398944,,,
2022,46,2116,0,min60,4,,,,,,,,,,,,,1.4334691,.63678193,2.2301562,,,
2020,46,2116,0,min60,4,,,,,,,,,,,,,1.2487609,.51116735,1.9863545,,,
2020,47,2209,0,min60,4,,,,,,,,,,,,,1.093749,.42231694,1.7651812,,,
2022,47,2209,0,min60,4,,,,,,,,,,,,,1.2555288,.52828091,1.9827768,,,
2021,47,2209,0,min60,4,,,,,,,,,,,,,1.0812362,.44265977,1.7198128,,,
2022,48,2304,0,min60,4,,,,,,,,,,,,,1.0922135,.43055153,1.7538756,,,
2020,48,2304,1,min60,4,,,,,,,,,,,,,.95147759,.34250557,1.5604496,,,
2021,48,2304,0,min60,4,,,,,,,,,,,,,.94059241,.36411807,1.5170667,,,
2020,49,2401,2,min60,4,,,,,,,,,,,,,.8220948,.27197495,1.3722147,,,
2021,49,2401,1,min60,4,,,,,,,,,,,,,.81268978,.2938723,1.3315073,,,
2022,49,2401,0,min60,4,,,,,,,,,,,,,.9436934,.34396797,1.5434188,,,
2020,50,2500,0,min60,4,,,,,,,,,,,,,.70548487,.2106974,1.2002723,,,
2021,50,2500,0,min60,4,,,,,,,,,,,,,.69741392,.23210156,1.1627263,,,
2022,50,2500,0,min60,4,,,,,,,,,,,,,.80983531,.26855794,1.3511127,,,
2021,51,2601,1,min60,4,,,,,,,,,,,,,.59442753,.17873394,1.0101211,,,
2022,51,2601,1,min60,4,,,,,,,,,,,,,.69024777,.20403616,1.1764594,,,
2020,51,2601,0,min60,4,,,,,,,,,,,,,.60130662,.1584022,1.044211,,,
2021,52,2704,3,min60,4,,,,,,,,,,,,,.50321048,.13347326,.87294769,,,
2020,52,2704,2,min60,4,,,,,,,,,,,,,.50903398,.11461273,.9034552,,,
2022,52,2704,1,min60,4,,,,,,,,,,,,,.58432674,.14985293,1.0188006,,,
2020,53,2809,0,min60,4,,,,,,,,,,,,,.42799631,.078690477,.77730215,,,
2022,53,2809,6,min60,4,,,,,,,,,,,,,.49130255,.1052513,.87735379,,,
2021,53,2809,3,min60,4,,,,,,,,,,,,,.42309991,.095836625,.75036317,,,
2021,1,1,1,day1,5,,,,,,,,,,,,,,,,.33907422,.11032532,.56782317
2022,1,1,0,day1,5,,,,,,,,,,,,,,,,.33901399,.11053959,.56748843
2020,1,1,1,day1,5,,,,,,,,,,,,,,,,.2712138,.084599584,.45782802
2020,2,4,0,day1,5,,,,,,,,,,,,,,,,.29883692,.10569336,.49198049
2021,2,4,0,day1,5,,,,,,,,,,,,,,,,.37360895,.13753237,.60968554
2022,2,4,0,day1,5,,,,,,,,,,,,,,,,.37354258,.13774069,.60934448
2021,3,9,0,day1,5,,,,,,,,,,,,,,,,.41020611,.16750497,.65290725
2022,3,9,0,day1,5,,,,,,,,,,,,,,,,.41013324,.16770078,.65256572
2020,3,9,0,day1,5,,,,,,,,,,,,,,,,.32810974,.12889622,.52732331
2020,4,16,0,day1,5,,,,,,,,,,,,,,,,.35897681,.15412514,.56382847
2022,4,16,1,day1,5,,,,,,,,,,,,,,,,.4487167,.20032683,.6971066
2021,4,16,1,day1,5,,,,,,,,,,,,,,,,.44879642,.20015149,.6974414
2022,5,25,0,day1,5,,,,,,,,,,,,,,,,.48919487,.23545749,.74293226
2021,5,25,3,day1,5,,,,,,,,,,,,,,,,.4892818,.235312,.74325162
2020,5,25,3,day1,5,,,,,,,,,,,,,,,,.39135966,.18124406,.6014753
2020,6,36,0,day1,5,,,,,,,,,,,,,,,,.42515582,.21006174,.64024991
2021,6,36,0,day1,5,,,,,,,,,,,,,,,,.53153408,.27275431,.7903139
2022,6,36,1,day1,5,,,,,,,,,,,,,,,,.53143966,.2728591,.79002023
2022,7,49,0,day1,5,,,,,,,,,,,,,,,,.57529211,.31222463,.83835965
2020,7,49,0,day1,5,,,,,,,,,,,,,,,,.46023813,.24033231,.68014395
2021,7,49,0,day1,5,,,,,,,,,,,,,,,,.57539433,.31217271,.83861595
2021,8,64,0,day1,5,,,,,,,,,,,,,,,,.6206724,.35319081,.88815403
2022,8,64,0,day1,5,,,,,,,,,,,,,,,,.6205622,.35317659,.88794774
2020,8,64,0,day1,5,,,,,,,,,,,,,,,,.49645451,.27175882,.72115016
2022,9,81,0,day1,5,,,,,,,,,,,,,,,,.66702878,.39527482,.93878269
2021,9,81,0,day1,5,,,,,,,,,,,,,,,,.66714728,.39536899,.93892556
2020,9,81,0,day1,5,,,,,,,,,,,,,,,,.53362811,.30400085,.76325542
2022,10,100,2,day1,5,,,,,,,,,,,,,,,,.71444076,.4380298,.9908517
2020,10,100,1,day1,5,,,,,,,,,,,,,,,,.57155812,.33668581,.8064304
2021,10,100,1,day1,5,,,,,,,,,,,,,,,,.71456766,.43821776,.99091762
2020,11,121,0,day1,5,,,,,,,,,,,,,,,,.61002052,.36942384,.85061717
2022,11,121,1,day1,5,,,,,,,,,,,,,,,,.76251835,.48092169,1.0441149
2021,11,121,0,day1,5,,,,,,,,,,,,,,,,.76265377,.4812164,1.0440912
2020,12,144,0,day1,5,,,,,,,,,,,,,,,,.64877021,.4018251,.89571536
2022,12,144,0,day1,5,,,,,,,,,,,,,,,,.81095499,.52342355,1.0984864
2021,12,144,0,day1,5,,,,,,,,,,,,,,,,.81109905,.5238362,1.098362
2021,13,169,0,day1,5,,,,,,,,,,,,,,,,.85957301,.56556588,1.1535801
2020,13,169,0,day1,5,,,,,,,,,,,,,,,,.68754286,.43351752,.9415682
2022,13,169,0,day1,5,,,,,,,,,,,,,,,,.8594203,.56502688,1.1538137
2021,14,196,0,day1,5,,,,,,,,,,,,,,,,.90772438,.60593635,1.2095125
2022,14,196,0,day1,5,,,,,,,,,,,,,,,,.90756315,.60526592,1.2098604
2020,14,196,0,day1,5,,,,,,,,,,,,,,,,.72605753,.46416283,.98795217
2020,15,225,0,day1,5,,,,,,,,,,,,,,,,.76401991,.49346897,1.0345708
2021,15,225,1,day1,5,,,,,,,,,,,,,,,,.95518541,.64454025,1.2658305
2022,15,225,0,day1,5,,,,,,,,,,,,,,,,.95501572,.6437372,1.2662942
2020,16,256,0,day1,5,,,,,,,,,,,,,,,,.80112582,.5211972,1.0810544
2021,16,256,0,day1,5,,,,,,,,,,,,,,,,1.0015756,.68104494,1.3221062
2022,16,256,1,day1,5,,,,,,,,,,,,,,,,1.0013977,.68011212,1.3226832
2020,17,289,1,day1,5,,,,,,,,,,,,,,,,.83706498,.54716372,1.1269664
2022,17,289,2,day1,5,,,,,,,,,,,,,,,,1.0463213,.71414083,1.3785015
2021,17,289,2,day1,5,,,,,,,,,,,,,,,,1.0465071,.71519691,1.3778173
2022,18,324,1,day1,5,,,,,,,,,,,,,,,,1.0893962,.74564826,1.4331442
2021,18,324,1,day1,5,,,,,,,,,,,,,,,,1.0895898,.74681783,1.4323618
2020,18,324,1,day1,5,,,,,,,,,,,,,,,,.87152541,.57123667,1.1718141
2020,19,361,1,day1,5,,,,,,,,,,,,,,,,.90419751,.59332961,1.2150654
2021,19,361,1,day1,5,,,,,,,,,,,,,,,,1.1304368,.77579528,1.4850783
2022,19,361,2,day1,5,,,,,,,,,,,,,,,,1.130236,.77452469,1.4859474
2022,20,400,0,day1,5,,,,,,,,,,,,,,,,1.1684625,.80071259,1.5362126
2021,20,400,3,day1,5,,,,,,,,,,,,,,,,1.1686702,.80206984,1.5352705
2020,20,400,2,day1,5,,,,,,,,,,,,,,,,.93477899,.61339265,1.2561654
2020,21,441,3,day1,5,,,,,,,,,,,,,,,,.96297944,.63140345,1.2945554
2022,21,441,2,day1,5,,,,,,,,,,,,,,,,1.2037127,.824193,1.5832324
2021,21,441,2,day1,5,,,,,,,,,,,,,,,,1.2039266,.82562107,1.5822321
2022,22,484,3,day1,5,,,,,,,,,,,,,,,,1.2356439,.84497213,1.6263155
2021,22,484,3,day1,5,,,,,,,,,,,,,,,,1.2358633,.84645414,1.6252725
2020,22,484,1,day1,5,,,,,,,,,,,,,,,,.98852456,.64735836,1.3296907
2022,23,529,0,day1,5,,,,,,,,,,,,,,,,1.2639391,.86306971,1.6648085
2021,23,529,0,day1,5,,,,,,,,,,,,,,,,1.2641636,.8645882,1.6637391
2020,23,529,2,day1,5,,,,,,,,,,,,,,,,1.011161,.66126424,1.3610578
2022,24,576,2,day1,5,,,,,,,,,,,,,,,,1.288313,.87850958,1.6981165
2021,24,576,2,day1,5,,,,,,,,,,,,,,,,1.2885419,.88004661,1.6970372
2020,24,576,0,day1,5,,,,,,,,,,,,,,,,1.0306603,.67313206,1.3881886
2020,25,625,3,day1,5,,,,,,,,,,,,,,,,1.0468229,.68297094,1.4106748
2022,25,625,2,day1,5,,,,,,,,,,,,,,,,1.308516,.89131159,1.7257205
2021,25,625,2,day1,5,,,,,,,,,,,,,,,,1.3087485,.89284909,1.7246479
2021,26,676,3,day1,5,,,,,,,,,,,,,,,,1.3245741,.9030059,1.7461423
2022,26,676,2,day1,5,,,,,,,,,,,,,,,,1.3243388,.90148616,1.7471914
2020,26,676,3,day1,5,,,,,,,,,,,,,,,,1.0594811,.69078398,1.4281784
2022,27,729,2,day1,5,,,,,,,,,,,,,,,,1.3356158,.90902954,1.762202
2021,27,729,1,day1,5,,,,,,,,,,,,,,,,1.3358531,.91051328,1.7611929
2020,27,729,2,day1,5,,,,,,,,,,,,,,,,1.0685029,.69656509,1.4404407
2022,28,784,2,day1,5,,,,,,,,,,,,,,,,1.3422283,.91392088,1.7705357
2021,28,784,0,day1,5,,,,,,,,,,,,,,,,1.3424667,.9153505,1.7695831
2020,28,784,3,day1,5,,,,,,,,,,,,,,,,1.0737929,.70029646,1.4472895
2020,29,841,2,day1,5,,,,,,,,,,,,,,,,1.0752954,.70194715,1.4486437
2022,29,841,2,day1,5,,,,,,,,,,,,,,,,1.3441063,.91612059,1.7720922
2021,29,841,1,day1,5,,,,,,,,,,,,,,,,1.3443452,.91747797,1.7712123
2021,30,900,3,day1,5,,,,,,,,,,,,,,,,1.3414683,.91683668,1.7661
2022,30,900,3,day1,5,,,,,,,,,,,,,,,,1.34123,.91556925,1.7668909
2020,30,900,1,day1,5,,,,,,,,,,,,,,,,1.0729944,.70147294,1.4445158
2020,31,961,0,day1,5,,,,,,,,,,,,,,,,1.0669142,.69881654,1.4350117
2022,31,961,1,day1,5,,,,,,,,,,,,,,,,1.33363,.91218853,1.7550713
2021,31,961,1,day1,5,,,,,,,,,,,,,,,,1.3338668,.91334856,1.7543851
2021,32,1024,1,day1,5,,,,,,,,,,,,,,,,1.3216209,.90691859,1.7363234
2022,32,1024,1,day1,5,,,,,,,,,,,,,,,,1.3213862,.90588266,1.7368898
2020,32,1024,0,day1,5,,,,,,,,,,,,,,,,1.0571191,.69390911,1.4203291
2021,33,1089,2,day1,5,,,,,,,,,,,,,,,,1.3048595,.89743799,1.7122811
2022,33,1089,2,day1,5,,,,,,,,,,,,,,,,1.3046278,.89654195,1.7127136
2020,33,1089,1,day1,5,,,,,,,,,,,,,,,,1.0437123,.6866731,1.4007514
2020,34,1156,1,day1,5,,,,,,,,,,,,,,,,1.0268334,.67702591,1.3766409
2021,34,1156,0,day1,5,,,,,,,,,,,,,,,,1.2837576,.88478959,1.6827255
2022,34,1156,1,day1,5,,,,,,,,,,,,,,,,1.2835295,.88404799,1.6830111
2021,35,1225,1,day1,5,,,,,,,,,,,,,,,,1.2585331,.86885548,1.6482108
2020,35,1225,0,day1,5,,,,,,,,,,,,,,,,1.0066574,.66488594,1.3484287
2022,35,1225,0,day1,5,,,,,,,,,,,,,,,,1.2583096,.86828095,1.6483382
2022,36,1296,1,day1,5,,,,,,,,,,,,,,,,1.2292254,.84913021,1.6093206
2021,36,1296,1,day1,5,,,,,,,,,,,,,,,,1.2294438,.84952748,1.6093602
2020,36,1296,0,day1,5,,,,,,,,,,,,,,,,.98338979,.65017933,1.3166002
2022,37,1369,1,day1,5,,,,,,,,,,,,,,,,1.1965697,.82650733,1.5666319
2021,37,1369,0,day1,5,,,,,,,,,,,,,,,,1.1967822,.82672048,1.566844
2020,37,1369,0,day1,5,,,,,,,,,,,,,,,,.9572649,.63284957,1.2816802
2022,38,1444,1,day1,5,,,,,,,,,,,,,,,,1.1606648,.80036271,1.5209669
2021,38,1444,0,day1,5,,,,,,,,,,,,,,,,1.160871,.80038893,1.5213531
2020,38,1444,0,day1,5,,,,,,,,,,,,,,,,.92854077,.61286843,1.2442131
2020,39,1521,1,day1,5,,,,,,,,,,,,,,,,.89749533,.59024817,1.2047426
2022,39,1521,0,day1,5,,,,,,,,,,,,,,,,1.1218584,.77070415,1.4730127
2021,39,1521,0,day1,5,,,,,,,,,,,,,,,,1.1220577,.77054542,1.47357
2022,40,1600,0,day1,5,,,,,,,,,,,,,,,,1.0805172,.73761612,1.4234183
2020,40,1600,0,day1,5,,,,,,,,,,,,,,,,.86442208,.56505448,1.1637896
2021,40,1600,1,day1,5,,,,,,,,,,,,,,,,1.0807092,.73727989,1.4241384
2020,41,1681,1,day1,5,,,,,,,,,,,,,,,,.82962507,.53741789,1.1218323
2021,41,1681,1,day1,5,,,,,,,,,,,,,,,,1.0372057,.7007761,1.3736352
2022,41,1681,3,day1,5,,,,,,,,,,,,,,,,1.0370214,.70127702,1.3727658
2020,42,1764,2,day1,5,,,,,,,,,,,,,,,,.79341483,.50754166,1.079288
2021,42,1764,2,day1,5,,,,,,,,,,,,,,,,.99193519,.66132253,1.3225479
2022,42,1764,1,day1,5,,,,,,,,,,,,,,,,.991759,.66197038,1.3215476
2022,43,1849,1,day1,5,,,,,,,,,,,,,,,,.9451201,.62008679,1.2701534
2020,43,1849,0,day1,5,,,,,,,,,,,,,,,,.75610334,.47570479,1.0365019
2021,43,1849,1,day1,5,,,,,,,,,,,,,,,,.945288,.61931396,1.271262
2022,44,1936,0,day1,5,,,,,,,,,,,,,,,,.89749128,.57611543,1.2188671
2020,44,1936,0,day1,5,,,,,,,,,,,,,,,,.71799988,.44225746,.99374235
2021,44,1936,0,day1,5,,,,,,,,,,,,,,,,.89765072,.5752421,1.2200593
2022,45,2025,0,day1,5,,,,,,,,,,,,,,,,.84925061,.53062403,1.1678772
2021,45,2025,2,day1,5,,,,,,,,,,,,,,,,.84940147,.52967584,1.1691271
2020,45,2025,0,day1,5,,,,,,,,,,,,,,,,.679407,.40760991,.95120406
2020,46,2116,0,day1,5,,,,,,,,,,,,,,,,.64061642,.37221479,.90901798
2021,46,2116,0,day1,5,,,,,,,,,,,,,,,,.80090505,.48323339,1.1185768
2022,46,2116,0,day1,5,,,,,,,,,,,,,,,,.80076277,.4842315,1.1172941
2020,47,2209,0,day1,5,,,,,,,,,,,,,,,,.6019057,.33654612,.86726534
2022,47,2209,0,day1,5,,,,,,,,,,,,,,,,.75237495,.43757647,1.0671734
2021,47,2209,0,day1,5,,,,,,,,,,,,,,,,.75250858,.43655172,1.0684655
2021,48,2304,0,day1,5,,,,,,,,,,,,,,,,.70453781,.39025593,1.0188197
2022,48,2304,0,day1,5,,,,,,,,,,,,,,,,.70441264,.39128679,1.0175385
2020,48,2304,1,day1,5,,,,,,,,,,,,,,,,.56353551,.30107728,.82599378
2022,49,2401,0,day1,5,,,,,,,,,,,,,,,,.65717703,.34595299,.96840107
2020,49,2401,1,day1,5,,,,,,,,,,,,,,,,.5257467,.26626074,.7852326
2021,49,2401,1,day1,5,,,,,,,,,,,,,,,,.6572938,.34493339,.9696542
2020,50,2500,0,day1,5,,,,,,,,,,,,,,,,.48875833,.2325113,.74500537
2022,50,2500,0,day1,5,,,,,,,,,,,,,,,,.61094207,.30210784,.91977626
2021,50,2500,0,day1,5,,,,,,,,,,,,,,,,.61105061,.30111367,.92098749
2021,51,2601,1,day1,5,,,,,,,,,,,,,,,,.56605309,.25925481,.87285143
2022,51,2601,1,day1,5,,,,,,,,,,,,,,,,.5659526,.26021254,.8716926
2020,51,2601,0,day1,5,,,,,,,,,,,,,,,,.45276639,.20019369,.70533913
2022,52,2704,1,day1,5,,,,,,,,,,,,,,,,.52242321,.22064893,.82419747
2021,52,2704,2,day1,5,,,,,,,,,,,,,,,,.52251601,.21973582,.82529622
2020,52,2704,2,day1,5,,,,,,,,,,,,,,,,.41794258,.16961467,.66627049
2020,53,2809,0,day1,5,,,,,,,,,,,,,,,,.38443369,.14101927,.62784815
2021,53,2809,2,day1,5,,,,,,,,,,,,,,,,.48062289,.18285379,.77839196
2022,53,2809,4,day1,5,,,,,,,,,,,,,,,,.4805375,.18371657,.77735847
2022,1,1,0,Photo_num,6,4.2730613,-1.4167922,9.9629145,,,,,,,,,,,,,,,
2021,1,1,3,Photo_num,6,4.5469456,-1.4571524,10.551044,,,,,,,,,,,,,,,
2020,1,1,15,Photo_num,6,4.256465,-.94827557,9.4612055,,,,,,,,,,,,,,,
2021,2,4,0,Photo_num,6,5.7340279,-1.4178389,12.885895,,,,,,,,,,,,,,,
2022,2,4,0,Photo_num,6,5.3886399,-1.3957319,12.173012,,,,,,,,,,,,,,,
2020,2,4,16,Photo_num,6,5.3677106,-.82232577,11.557747,,,,,,,,,,,,,,,
2020,3,9,0,Photo_num,6,6.7119527,-.59427422,14.018179,,,,,,,,,,,,,,,
2022,3,9,0,Photo_num,6,6.7381234,-1.2863153,14.762562,,,,,,,,,,,,,,,
2021,3,9,0,Photo_num,6,7.1700072,-1.2798334,15.619847,,,,,,,,,,,,,,,
2021,4,16,22,Photo_num,6,8.8899469,-1.0159577,18.795851,,,,,,,,,,,,,,,
2020,4,16,0,Photo_num,6,8.3220139,-.24116939,16.885197,,,,,,,,,,,,,,,
2022,4,16,7,Photo_num,6,8.3544626,-1.063848,17.772774,,,,,,,,,,,,,,,
2020,5,25,56,Photo_num,6,10.231229,.25901917,20.203438,,,,,,,,,,,,,,,
2021,5,25,34,Photo_num,6,10.929455,-.59825611,22.457165,,,,,,,,,,,,,,,
2022,5,25,0,Photo_num,6,10.271121,-.70292377,21.245167,,,,,,,,,,,,,,,
2020,6,36,0,Photo_num,6,12.47231,.92547363,24.019146,,,,,,,,,,,,,,,
2022,6,36,27,Photo_num,6,12.520941,-.17899458,25.220877,,,,,,,,,,,,,,,
2021,6,36,0,Photo_num,6,13.323478,.0002623965,26.646692,,,,,,,,,,,,,,,
2022,7,49,0,Photo_num,6,15.13477,.52974224,29.739799,,,,,,,,,,,,,,,
2020,7,49,0,Photo_num,6,15.075988,1.7723856,28.379589,,,,,,,,,,,,,,,
2021,7,49,0,Photo_num,6,16.104841,.80352002,31.406164,,,,,,,,,,,,,,,
2022,8,64,0,Photo_num,6,18.139883,1.4402729,34.839493,,,,,,,,,,,,,,,
2021,8,64,0,Photo_num,6,19.302568,1.830047,36.775093,,,,,,,,,,,,,,,
2020,8,64,0,Photo_num,6,18.069427,2.8068249,33.332031,,,,,,,,,,,,,,,
2020,9,81,0,Photo_num,6,21.474489,4.026917,38.922058,,,,,,,,,,,,,,,
2022,9,81,0,Photo_num,6,21.55822,2.5627122,40.55373,,,,,,,,,,,,,,,
2021,9,81,0,Photo_num,6,22.940006,3.0906622,42.789349,,,,,,,,,,,,,,,
2022,10,100,136,Photo_num,6,25.404526,3.8985136,46.910538,,,,,,,,,,,,,,,
2020,10,100,6,Photo_num,6,25.305855,5.4206433,45.191067,,,,,,,,,,,,,,,
2021,10,100,78,Photo_num,6,27.032843,4.5864396,49.479244,,,,,,,,,,,,,,,
2020,11,121,0,Photo_num,6,29.569159,6.9655385,52.172779,,,,,,,,,,,,,,,
2021,11,121,0,Photo_num,6,31.587093,6.3072677,56.86692,,,,,,,,,,,,,,,
2022,11,121,5,Photo_num,6,29.684452,5.4392114,53.929695,,,,,,,,,,,,,,,
2020,12,144,0,Photo_num,6,34.259159,8.629425,59.888893,,,,,,,,,,,,,,,
2021,12,144,0,Photo_num,6,36.59716,8.2312784,64.963043,,,,,,,,,,,,,,,
2022,12,144,0,Photo_num,6,34.392738,7.1659293,61.619549,,,,,,,,,,,,,,,
2021,13,169,0,Photo_num,6,42.044083,10.325314,73.762856,,,,,,,,,,,,,,,
2022,13,169,0,Photo_num,6,39.511566,9.0497971,69.973335,,,,,,,,,,,,,,,
2020,13,169,0,Photo_num,6,39.358105,10.372163,68.344048,,,,,,,,,,,,,,,
2021,14,196,0,Photo_num,6,47.894115,12.54646,83.241768,,,,,,,,,,,,,,,
2020,14,196,0,Photo_num,6,44.834408,12.148199,77.520615,,,,,,,,,,,,,,,
2022,14,196,0,Photo_num,6,45.009224,11.053294,78.965157,,,,,,,,,,,,,,,
2021,15,225,18,Photo_num,6,54.097748,14.844489,93.351006,,,,,,,,,,,,,,,
2020,15,225,0,Photo_num,6,50.641724,13.909592,87.373856,,,,,,,,,,,,,,,
2022,15,225,0,Photo_num,6,50.839184,13.132384,88.545982,,,,,,,,,,,,,,,
2022,16,256,51,Photo_num,6,56.939724,15.239193,98.640259,,,,,,,,,,,,,,,
2021,16,256,0,Photo_num,6,60.589306,17.164927,104.01369,,,,,,,,,,,,,,,
2020,16,256,0,Photo_num,6,56.718571,15.609141,97.828003,,,,,,,,,,,,,,,
2021,17,289,44,Photo_num,6,67.287216,19.452358,115.12207,,,,,,,,,,,,,,,
2022,17,289,23,Photo_num,6,63.234184,17.324911,109.14346,,,,,,,,,,,,,,,
2020,17,289,6,Photo_num,6,62.988586,17.203279,108.77389,,,,,,,,,,,,,,,
2022,18,324,6,Photo_num,6,69.631905,19.342581,119.92123,,,,,,,,,,,,,,,
2021,18,324,13,Photo_num,6,74.095001,21.653608,126.53639,,,,,,,,,,,,,,,
2020,18,324,6,Photo_num,6,69.361458,18.654482,120.06843,,,,,,,,,,,,,,,
2022,19,361,201,Photo_num,6,76.029892,21.249517,130.81027,,,,,,,,,,,,,,,
2021,19,361,8,Photo_num,6,80.903069,23.720472,138.08566,,,,,,,,,,,,,,,
2020,19,361,63,Photo_num,6,75.734596,19.933048,131.53613,,,,,,,,,,,,,,,
2020,20,400,171,Photo_num,6,81.995529,21.018164,142.9729,,,,,,,,,,,,,,,
2022,20,400,0,Photo_num,6,82.315239,23.009144,141.62134,,,,,,,,,,,,,,,
2021,20,400,184,Photo_num,6,87.591286,25.611794,149.57077,,,,,,,,,,,,,,,
2021,21,441,445,Photo_num,6,94.032188,27.294783,160.76959,,,,,,,,,,,,,,,
2020,21,441,61,Photo_num,6,88.024956,21.898273,154.15164,,,,,,,,,,,,,,,
2022,21,441,90,Photo_num,6,88.368179,24.592169,152.1442,,,,,,,,,,,,,,,
2020,22,484,362,Photo_num,6,93.700356,22.570761,164.82996,,,,,,,,,,,,,,,
2022,22,484,196,Photo_num,6,94.065704,25.977066,162.15436,,,,,,,,,,,,,,,
2021,22,484,246,Photo_num,6,100.0949,28.745565,171.44423,,,,,,,,,,,,,,,
2022,23,529,526,Photo_num,6,99.28566,27.149906,171.4214,,,,,,,,,,,,,,,
2020,23,529,595,Photo_num,6,98.900032,23.041044,174.75902,,,,,,,,,,,,,,,
2021,23,529,1053,Photo_num,6,105.64942,29.949022,181.34982,,,,,,,,,,,,,,,
2020,24,576,735,Photo_num,6,103.5074,23.321177,183.69362,,,,,,,,,,,,,,,
2022,24,576,461,Photo_num,6,103.91099,28.103666,179.71831,,,,,,,,,,,,,,,
2021,24,576,209,Photo_num,6,110.57122,30.898041,190.2444,,,,,,,,,,,,,,,
2021,25,625,85,Photo_num,6,114.7458,31.592291,197.89932,,,,,,,,,,,,,,,
2022,25,625,380,Photo_num,6,107.83412,28.837103,186.83113,,,,,,,,,,,,,,,
2020,25,625,379,Photo_num,6,107.41529,23.428093,191.4025,,,,,,,,,,,,,,,
2021,26,676,169,Photo_num,6,118.0732,32.036743,204.10965,,,,,,,,,,,,,,,
2022,26,676,302,Photo_num,6,110.96108,29.353376,192.56879,,,,,,,,,,,,,,,
2020,26,676,58,Photo_num,6,110.53011,23.381643,197.67859,,,,,,,,,,,,,,,
2020,27,729,14,Photo_num,6,112.77553,23.202599,202.34846,,,,,,,,,,,,,,,
2022,27,729,412,Photo_num,6,113.21526,29.658588,196.77193,,,,,,,,,,,,,,,
2021,27,729,9,Photo_num,6,120.47185,32.240044,208.70366,,,,,,,,,,,,,,,
2020,28,784,39,Photo_num,6,114.0956,22.910793,205.28041,,,,,,,,,,,,,,,
2022,28,784,91,Photo_num,6,114.54048,29.760359,199.3206,,,,,,,,,,,,,,,
2021,28,784,0,Photo_num,6,121.88201,32.212955,211.55107,,,,,,,,,,,,,,,
2022,29,841,181,Photo_num,6,114.90338,29.666613,200.14015,,,,,,,,,,,,,,,
2020,29,841,222,Photo_num,6,114.45709,22.523537,206.39066,,,,,,,,,,,,,,,
2021,29,841,186,Photo_num,6,122.26817,31.966997,212.56935,,,,,,,,,,,,,,,
2022,30,900,163,Photo_num,6,114.29478,29.384689,199.20486,,,,,,,,,,,,,,,
2020,30,900,14,Photo_num,6,113.85085,22.054451,205.64726,,,,,,,,,,,,,,,
2021,30,900,276,Photo_num,6,121.62056,31.51339,211.72774,,,,,,,,,,,,,,,
2020,31,961,0,Photo_num,6,112.29221,21.512806,203.07162,,,,,,,,,,,,,,,
2021,31,961,60,Photo_num,6,119.95555,30.862427,209.04868,,,,,,,,,,,,,,,
2022,31,961,6,Photo_num,6,112.73006,28.920828,196.53928,,,,,,,,,,,,,,,
2021,32,1024,6,Photo_num,6,117.31497,30.023283,204.60667,,,,,,,,,,,,,,,
2022,32,1024,34,Photo_num,6,110.24854,28.280083,192.217,,,,,,,,,,,,,,,
2020,32,1024,0,Photo_num,6,109.82033,20.903391,198.73727,,,,,,,,,,,,,,,
2022,33,1089,52,Photo_num,6,106.91182,27.466669,186.35696,,,,,,,,,,,,,,,
2020,33,1089,5,Photo_num,6,106.49657,20.226917,192.76624,,,,,,,,,,,,,,,
2021,33,1089,15,Photo_num,6,113.76439,29.00425,198.52452,,,,,,,,,,,,,,,
2021,34,1156,0,Photo_num,6,109.39034,27.813353,190.96733,,,,,,,,,,,,,,,
2022,34,1156,3,Photo_num,6,102.80125,26.48464,179.11784,,,,,,,,,,,,,,,
2020,34,1156,6,Photo_num,6,102.40196,19.480896,185.32303,,,,,,,,,,,,,,,
2020,35,1225,0,Photo_num,6,97.633919,18.660879,176.60695,,,,,,,,,,,,,,,
2021,35,1225,5,Photo_num,6,104.29691,26.459253,182.13455,,,,,,,,,,,,,,,
2022,35,1225,0,Photo_num,6,98.014603,25.33885,170.69035,,,,,,,,,,,,,,,
2020,36,1296,0,Photo_num,6,92.302376,17.761929,166.84283,,,,,,,,,,,,,,,
2022,36,1296,6,Photo_num,6,92.662277,24.036043,161.28851,,,,,,,,,,,,,,,
2021,36,1296,3,Photo_num,6,98.601517,24.952299,172.25073,,,,,,,,,,,,,,,
2021,37,1369,0,Photo_num,6,92.430557,23.305586,161.55553,,,,,,,,,,,,,,,
2022,37,1369,4,Photo_num,6,86.863022,22.585968,151.14008,,,,,,,,,,,,,,,
2020,37,1369,0,Photo_num,6,86.52565,16.78017,156.27112,,,,,,,,,,,,,,,
2022,38,1444,1,Photo_num,6,80.739616,21.002321,140.47691,,,,,,,,,,,,,,,
2021,38,1444,0,Photo_num,6,85.914665,21.535875,150.29346,,,,,,,,,,,,,,,
2020,38,1444,0,Photo_num,6,80.426025,15.714266,145.13777,,,,,,,,,,,,,,,
2022,39,1521,0,Photo_num,6,74.414604,19.303453,129.52576,,,,,,,,,,,,,,,
2020,39,1521,4,Photo_num,6,74.12558,14.566646,133.68451,,,,,,,,,,,,,,,
2021,39,1521,0,Photo_num,6,79.18425,19.664242,138.70425,,,,,,,,,,,,,,,
2020,40,1600,0,Photo_num,6,67.74221,13.344393,122.14002,,,,,,,,,,,,,,,
2021,40,1600,16,Photo_num,6,72.36525,17.716318,127.01418,,,,,,,,,,,,,,,
2022,40,1600,0,Photo_num,6,68.006348,17.512659,118.50003,,,,,,,,,,,,,,,
2021,41,1681,126,Photo_num,6,65.575424,15.722061,115.42879,,,,,,,,,,,,,,,
2020,41,1681,4,Photo_num,6,61.38615,12.059677,110.71262,,,,,,,,,,,,,,,
2022,41,1681,13,Photo_num,6,61.625504,15.658023,107.59298,,,,,,,,,,,,,,,
2022,42,1764,45,Photo_num,6,55.372135,13.77174,96.972534,,,,,,,,,,,,,,,
2020,42,1764,62,Photo_num,6,55.15707,10.729683,99.584457,,,,,,,,,,,,,,,
2021,42,1764,61,Photo_num,6,58.921242,13.715016,104.12747,,,,,,,,,,,,,,,
2022,43,1849,9,Photo_num,6,49.333492,11.888952,86.77803,,,,,,,,,,,,,,,
2021,43,1849,7,Photo_num,6,52.495548,11.731085,93.26001,,,,,,,,,,,,,,,
2020,43,1849,0,Photo_num,6,49.14188,9.3760242,88.907738,,,,,,,,,,,,,,,
2022,44,1936,0,Photo_num,6,43.582508,10.046136,77.118881,,,,,,,,,,,,,,,
2021,44,1936,0,Photo_num,6,46.37595,9.8068781,82.945023,,,,,,,,,,,,,,,
2020,44,1936,0,Photo_num,6,43.413231,8.0236835,78.80278,,,,,,,,,,,,,,,
2021,45,2025,236,Photo_num,6,40.624023,7.9777946,73.270256,,,,,,,,,,,,,,,
2020,45,2025,0,Photo_num,6,38.028767,6.6995597,69.357971,,,,,,,,,,,,,,,
2022,45,2025,0,Photo_num,6,38.177048,8.2791882,68.074905,,,,,,,,,,,,,,,
2020,46,2116,0,Photo_num,6,33.031033,5.4307504,60.63131,,,,,,,,,,,,,,,
2021,46,2116,0,Photo_num,6,35.285221,6.2760129,64.294426,,,,,,,,,,,,,,,
2022,46,2116,0,Photo_num,6,33.159824,6.6213779,59.698269,,,,,,,,,,,,,,,
2021,47,2209,0,Photo_num,6,30.389425,4.7286043,56.050247,,,,,,,,,,,,,,,
2020,47,2209,0,Photo_num,6,28.448002,4.2427368,52.653267,,,,,,,,,,,,,,,
2022,47,2209,0,Photo_num,6,28.558926,5.1013722,52.016479,,,,,,,,,,,,,,,
2020,48,2304,15,Photo_num,6,24.294123,3.1576557,45.430588,,,,,,,,,,,,,,,
2021,48,2304,0,Photo_num,6,25.952065,3.355998,48.54813,,,,,,,,,,,,,,,
2022,48,2304,0,Photo_num,6,24.388847,3.7415791,45.036118,,,,,,,,,,,,,,,
2021,49,2401,12,Photo_num,6,21.975618,2.1709702,41.780266,,,,,,,,,,,,,,,
2022,49,2401,0,Photo_num,6,20.651922,2.5569859,38.746861,,,,,,,,,,,,,,,
2020,49,2401,54,Photo_num,6,20.571711,2.1928458,38.950573,,,,,,,,,,,,,,,
2020,50,2500,0,Photo_num,6,17.272665,1.3598386,33.185493,,,,,,,,,,,,,,,
2021,50,2500,0,Photo_num,6,18.451431,1.1782703,35.724594,,,,,,,,,,,,,,,
2022,50,2500,0,Photo_num,6,17.340014,1.554641,33.125385,,,,,,,,,,,,,,,
2021,51,2601,9,Photo_num,6,15.361683,.37490761,30.348459,,,,,,,,,,,,,,,
2020,51,2601,0,Photo_num,6,14.380305,.66388762,28.096722,,,,,,,,,,,,,,,
2022,51,2601,6,Photo_num,6,14.436376,.73380691,28.138945,,,,,,,,,,,,,,,
2022,52,2704,35,Photo_num,6,11.917542,.086731143,23.748352,,,,,,,,,,,,,,,
2020,52,2704,107,Photo_num,6,11.871254,.10407317,23.638435,,,,,,,,,,,,,,,
2021,52,2704,25,Photo_num,6,12.681403,-.24897455,25.61178,,,,,,,,,,,,,,,
2020,53,2809,0,Photo_num,6,9.7172832,-.32607129,19.760637,,,,,,,,,,,,,,,
2021,53,2809,25,Photo_num,6,10.380436,-.70877916,21.46965,,,,,,,,,,,,,,,
2022,53,2809,82,Photo_num,6,9.7551727,-.40010285,19.910448,,,,,,,,,,,,,,,
